vehicle_id,country_code,year,traffic_volume
CAR,AT,2011,38765
CAR,AT,2011,40133
CAR,AT,2011,46216
CAR,AT,2013,47762.268
CAR,AT,2013,49019.692
CAR,AT,2013,49213.687
CAR,AT,2013,49071.173
CAR,AT,2013,39891.861
CAR,AT,2013,42222.027
CAR,AT,2013,44034.127
CAR,AT,2013,43642.036
CAR,AT,2013,42802
CAR,EE,2013,3741
CAR,FI,2013,16664
CAR,FI,2013,16809
CAR,FI,2013,16794
CAR,FI,2013,15547
CAR,FI,2013,15490
CAR,FI,2013,14047
CAR,FI,2013,13165
CAR,IE,2013,14972
CAR,IE,2013,16519
CAR,IE,2013,19688
CAR,IE,2013,22021
CAR,IE,2013,23600
CAR,IE,2013,23982
CAR,IE,2013,24470
CAR,IE,2013,18317
CAR,IE,2013,21183
CAR,IE,2013,24208
CAR,IE,2013,23526
CAR,NL,2013,32183
CAR,NL,2013,31814
CAR,NL,2013,32094
CAR,NL,2013,32469
CAR,NL,2013,31940
CAR,NL,2013,30854
CAR,NL,2013,28420
CAR,NL,2013,20576
CAR,NL,2013,18803
CAR,NL,2013,17452
CAR,NL,2013,14852
CAR,NL,2013,12450
CAR,NO,2013,18889
CAR,NO,2013,19478
CAR,NO,2013,20097
CAR,NO,2013,20425
CAR,NO,2013,20444
CAR,NO,2013,20137
CAR,NO,2013,19175
CAR,NO,2013,17349
CAR,NO,2013,16744
CAR,NO,2013,15325
CAR,NO,2013,14147
CAR,NO,2013,13203
CAR,UA,2013,800
CAR,UA,2013,924
CAR,UA,2013,1138
CAR,UA,2013,1178
CAR,UA,2013,1336
CAR,UA,2013,1297
CAR,UA,2013,1475
LOR_GT3P5-6,EE,2013,1113
LOR_GT3P5-6,NO,2013,162
LOR_GT3P5-6,NO,2013,141
LOR_GT3P5-6,NO,2013,124
LOR_GT3P5-6,NO,2013,96
LOR_GT3P5-6,NO,2013,78
LOR_GT3P5-6,NO,2013,65
LOR_GT3P5-6,NO,2013,59
LOR_GT3P5-6,NO,2013,51
LOR_GT3P5-6,NO,2013,51
LOR_GT3P5-6,NO,2013,49
LOR_GT3P5-6,NO,2013,45
LOR_GT3P5-6,NO,2013,46
LOR_GT6,AT,2013,4623
LOR_GT6,AT,2013,4746
LOR_GT6,AT,2013,4873
LOR_GT6,AT,2013,5093.547
LOR_GT6,AT,2013,5270.996
LOR_GT6,AT,2013,5537.052
LOR_GT6,AT,2013,5608.799
LOR_GT6,AT,2013,5409.993
LOR_GT6,AT,2013,5854.872
LOR_GT6,AT,2013,5810.929
LOR_GT6,AT,2013,5587.486
LOR_GT6,AT,2013,5489
LOR_GT6,NO,2013,2046
LOR_GT6,NO,2013,1449
LOR_GT6,NO,2013,1426
LOR_GT6,NO,2013,1409
LOR_GT6,NO,2013,1423
LOR_GT6,NO,2013,1433
LOR_GT6,NO,2013,1451
LOR_GT6,NO,2013,1402
LOR_GT6,NO,2013,1394
LOR_GT6,NO,2013,1413
LOR_GT6,NO,2013,1354
LOR_GT6,NO,2013,1332
LOR_LE3P5,AT,2013,6501
LOR_LE3P5,AT,2013,6704
LOR_LE3P5,AT,2013,6779
LOR_LE3P5,AT,2013,6894.878
LOR_LE3P5,AT,2013,7021.608
LOR_LE3P5,AT,2013,7060.847
LOR_LE3P5,AT,2013,7223.579
LOR_LE3P5,AT,2013,7253.438
LOR_LE3P5,AT,2013,7839.31
LOR_LE3P5,AT,2013,7937.724
LOR_LE3P5,AT,2013,7924.979
LOR_LE3P5,AT,2013,7739
LOR_LE3P5,FI,2013,5601
LOR_LE3P5,FI,2013,5626
LOR_LE3P5,FI,2013,5587
LOR_LE3P5,FI,2013,5689
LOR_LE3P5,NL,2013,15877
LOR_LE3P5,NL,2013,15864
LOR_LE3P5,NL,2013,16117
LOR_LE3P5,NL,2013,16703
LOR_LE3P5,NL,2013,17181
LOR_LE3P5,NL,2013,17451
LOR_LE3P5,NL,2013,17867
LOR_LE3P5,NL,2013,17316
LOR_LE3P5,NL,2013,17963
LOR_LE3P5,NL,2013,18149
LOR_LE3P5,NL,2013,18124
LOR_LE3P5,NL,2013,17952
LOR_LE3P5,NO,2013,6727
LOR_LE3P5,NO,2013,6721
LOR_LE3P5,NO,2013,6707
LOR_LE3P5,NO,2013,6764
LOR_LE3P5,NO,2013,6876
LOR_LE3P5,NO,2013,6981
LOR_LE3P5,NO,2013,6998
LOR_LE3P5,NO,2013,6810
LOR_LE3P5,NO,2013,7036
LOR_LE3P5,NO,2013,6981
LOR_LE3P5,NO,2013,6855
LOR_LE3P5,NO,2013,6802
CAR,DK,2013,14324
CAR,DK,2013,15413
CAR,DK,2013,16465
CAR,DK,2013,17199
CAR,DK,2013,17546
CAR,DK,2013,17902
CAR,DK,2013,18211
CAR,DK,2013,16926
CAR,DK,2013,18110
CAR,DK,2013,19054
CAR,DK,2013,20228
CAR,DK,2013,21097
CAR,FR,2013,327792
CAR,FR,2013,334084
CAR,FR,2013,338605
CAR,FR,2013,341392
CAR,FR,2013,348830.095
CAR,FR,2013,344737.27
CAR,IE,2013,14972
CAR,IE,2013,16519
CAR,IE,2013,19688
CAR,IE,2013,22021
CAR,IE,2013,23600
CAR,IE,2013,23982
CAR,IE,2013,24470
CAR,IE,2013,18317
CAR,IE,2013,21183
CAR,IE,2013,24208
CAR,IE,2013,23526
CAR,LT,2013,9422.1
CAR,LT,2013,7694.1
CAR,LT,2013,8100.5
CAR,LT,2013,9704.7
CAR,LT,2013,11204
CAR,LT,2013,12058.6
CAR,MT,2013,777.55
CAR,MT,2013,998.35
CAR,MT,2013,943.67
CAR,MT,2013,985.4
CAR,MT,2013,914.31
CAR,MT,2013,990.6
CAR,MT,2013,991.13
CAR,MT,2013,689
CAR,MT,2013,921.51
CAR,MT,2013,924.84
CAR,MT,2013,937.012
CAR,MT,2013,866.687
CAR,NL,2013,30709
CAR,NL,2013,30282
CAR,NL,2013,30531
CAR,NL,2013,30867
CAR,NL,2013,30351
CAR,NL,2013,29287
CAR,NL,2013,26962
CAR,NL,2013,19828
CAR,NL,2013,18157
CAR,NL,2013,16617
CAR,NL,2013,14092
CAR,NL,2013,11822
CAR,NO,2013,18700
CAR,NO,2013,19283
CAR,NO,2013,19896
CAR,NO,2013,20221
CAR,NO,2013,20240
CAR,NO,2013,19936
CAR,NO,2013,18983
CAR,NO,2013,17220
CAR,NO,2013,16577
CAR,NO,2013,15172
CAR,NO,2013,14006
CAR,NO,2013,13071
CAR,SI,2013,9749
CAR,SI,2013,9565
CAR,SI,2013,10221
CAR,SI,2013,10662
CAR,SI,2013,11001
CAR,SI,2013,8999
CAR,SI,2013,9269
CAR,SI,2013,9946
CAR,SI,2013,10169
CAR,SI,2013,10138
CAR,UA,2013,695
LOR_GT3P5-6,LT,2013,36.3
LOR_GT3P5-6,LT,2013,14.7
LOR_GT3P5-6,LT,2013,23.5
LOR_GT3P5-6,LT,2013,20.9
LOR_GT3P5-6,LT,2013,20.4
LOR_GT3P5-6,LT,2013,15.5
LOR_GT3P5-6,LT,2013,19.7
LOR_GT3P5-6,LT,2013,36.5
LOR_GT3P5-6,LT,2013,23.5
LOR_GT3P5-6,LT,2013,16
LOR_GT3P5-6,LT,2013,0.4
LOR_GT3P5-6,LT,2013,1.5
LOR_GT3P5-6,MT,2013,63.95
LOR_GT3P5-6,MT,2013,66.81
LOR_GT3P5-6,MT,2013,58.2
LOR_GT3P5-6,MT,2013,69.53
LOR_GT3P5-6,MT,2013,54.23
LOR_GT3P5-6,MT,2013,59.66
LOR_GT3P5-6,MT,2013,59.34
LOR_GT3P5-6,MT,2013,57.1
LOR_GT3P5-6,MT,2013,60
LOR_GT3P5-6,MT,2013,60.93
LOR_GT3P5-6,MT,2013,63.69
LOR_GT3P5-6,MT,2013,60.271
LOR_GT3P5-6,NO,2013,152
LOR_GT3P5-6,NO,2013,133
LOR_GT3P5-6,NO,2013,117
LOR_GT3P5-6,NO,2013,90
LOR_GT3P5-6,NO,2013,73
LOR_GT3P5-6,NO,2013,61
LOR_GT3P5-6,NO,2013,55
LOR_GT3P5-6,NO,2013,48
LOR_GT3P5-6,NO,2013,48
LOR_GT3P5-6,NO,2013,46
LOR_GT3P5-6,NO,2013,42
LOR_GT3P5-6,NO,2013,43
LOR_GT3P5-6,PT,2013,19
LOR_GT3P5-6,PT,2013,16
LOR_GT3P5-6,PT,2013,14.77
LOR_GT3P5-6,PT,2013,8.7
LOR_GT3P5-6,PT,2013,7.97
LOR_GT3P5-6,PT,2013,15.64
LOR_GT3P5-6,PT,2013,17.08
LOR_GT6,LT,2013,253.8
LOR_GT6,LT,2013,269.4
LOR_GT6,LT,2013,238.3
LOR_GT6,LT,2013,238.2
LOR_GT6,LT,2013,251.8
LOR_GT6,LT,2013,257.5
LOR_GT6,LT,2013,284.4
LOR_GT6,LT,2013,293.5
LOR_GT6,LT,2013,262.7
LOR_GT6,LT,2013,202.2
LOR_GT6,LT,2013,175.7
LOR_GT6,LT,2013,165
LOR_GT6,MT,2013,53.37
LOR_GT6,MT,2013,60.56
LOR_GT6,MT,2013,46.42
LOR_GT6,MT,2013,63.79
LOR_GT6,MT,2013,40.66
LOR_GT6,MT,2013,57.27
LOR_GT6,MT,2013,57.14
LOR_GT6,MT,2013,53.1
LOR_GT6,MT,2013,53.36
LOR_GT6,MT,2013,50.33
LOR_GT6,MT,2013,53.422
LOR_GT6,MT,2013,50.962
LOR_GT6,NO,2013,1923
LOR_GT6,NO,2013,1362
LOR_GT6,NO,2013,1340
LOR_GT6,NO,2013,1324
LOR_GT6,NO,2013,1338
LOR_GT6,NO,2013,1347
LOR_GT6,NO,2013,1364
LOR_GT6,NO,2013,1318
LOR_GT6,NO,2013,1310
LOR_GT6,NO,2013,1328
LOR_GT6,NO,2013,1273
LOR_GT6,NO,2013,1252
LOR_GT6,PT,2013,669
LOR_GT6,PT,2013,643
LOR_GT6,PT,2013,668.34
LOR_GT6,PT,2013,573.21
LOR_GT6,PT,2013,541.18
LOR_GT6,PT,2013,501.05
LOR_GT6,PT,2013,493.57
LOR_LE3P5,DK,2013,6616
LOR_LE3P5,DK,2013,6569
LOR_LE3P5,DK,2013,6602
LOR_LE3P5,DK,2013,6655
LOR_LE3P5,DK,2013,6745
LOR_LE3P5,DK,2013,6715
LOR_LE3P5,DK,2013,6605
LOR_LE3P5,DK,2013,6294
LOR_LE3P5,DK,2013,6579
LOR_LE3P5,DK,2013,6759
LOR_LE3P5,DK,2013,6726
LOR_LE3P5,DK,2013,6628
LOR_LE3P5,LT,2013,323.8
LOR_LE3P5,LT,2013,318.3
LOR_LE3P5,LT,2013,265.5
LOR_LE3P5,LT,2013,290.8
LOR_LE3P5,LT,2013,240.5
LOR_LE3P5,LT,2013,252.5
LOR_LE3P5,LT,2013,223.1
LOR_LE3P5,LT,2013,185.6
LOR_LE3P5,LT,2013,207.6
LOR_LE3P5,LT,2013,156.2
LOR_LE3P5,MT,2013,306.64
LOR_LE3P5,MT,2013,364.41
LOR_LE3P5,MT,2013,388.85
LOR_LE3P5,MT,2013,391.27
LOR_LE3P5,MT,2013,337.6
LOR_LE3P5,MT,2013,371.61
LOR_LE3P5,MT,2013,367.35
LOR_LE3P5,MT,2013,324.2
LOR_LE3P5,MT,2013,358.59
LOR_LE3P5,MT,2013,348.43
LOR_LE3P5,MT,2013,350.804
LOR_LE3P5,MT,2013,340.185
LOR_LE3P5,NL,2013,15242
LOR_LE3P5,NL,2013,15230
LOR_LE3P5,NL,2013,15473
LOR_LE3P5,NL,2013,15985
LOR_LE3P5,NL,2013,16442
LOR_LE3P5,NL,2013,16735
LOR_LE3P5,NL,2013,17117
LOR_LE3P5,NL,2013,16606
LOR_LE3P5,NL,2013,17244
LOR_LE3P5,NL,2013,17423
LOR_LE3P5,NL,2013,17399
LOR_LE3P5,NL,2013,17234
LOR_LE3P5,NO,2013,6660
LOR_LE3P5,NO,2013,6654
LOR_LE3P5,NO,2013,6640
LOR_LE3P5,NO,2013,6696
LOR_LE3P5,NO,2013,6807
LOR_LE3P5,NO,2013,6911
LOR_LE3P5,NO,2013,6928
LOR_LE3P5,NO,2013,6742
LOR_LE3P5,NO,2013,6966
LOR_LE3P5,NO,2013,6911
LOR_LE3P5,NO,2013,6786
LOR_LE3P5,NO,2013,6734
LOR_LE3P5,SI,2013,1010
LOR_LE3P5,SI,2013,1222
LOR_LE3P5,SI,2013,1240
LOR_LE3P5,SI,2013,1304
LOR_LE3P5,SI,2013,1518
LOR_LE3P5,SI,2013,1351
LOR_LE3P5,SI,2013,1664
LOR_LE3P5,SI,2013,1721
LOR_LE3P5,SI,2013,1729
LOR_LE3P5,SI,2013,1762
CAR,BE,2013,65086
CAR,BE,2013,64408
CAR,BE,2013,64513
CAR,BE,2013,63000
CAR,BE,2013,60818
CAR,CZ,2013,35117.102
CAR,CZ,2013,35248.938
CAR,CZ,2013,36187.63
CAR,DE,2013,274368
CAR,DE,2013,282462
CAR,DE,2013,292275
CAR,DE,2013,301030
CAR,DE,2013,303234
CAR,DE,2013,297628
CAR,DE,2013,290119
CAR,DE,2013,282245
CAR,DE,2013,265923
CAR,DE,2013,249677
CAR,DE,2013,238106
CAR,DE,2013,230189
CAR,EE,2013,3828
CAR,FI,2013,16809
CAR,FI,2013,16794
CAR,FI,2013,15547
CAR,FI,2013,15490
CAR,FI,2013,14047
CAR,FI,2013,13312
CAR,FR,2013,349778.057
CAR,FR,2013,355183.401
CAR,FR,2013,359522.237
CAR,FR,2013,362070.247
CAR,FR,2013,356702.071
CAR,FR,2013,345926.976
CAR,FR,2013,336654.85
CAR,FR,2013,266875.272
CAR,FR,2013,280710.968
CAR,FR,2013,290970.249
CAR,FR,2013,272653.842
CAR,FR,2013,259735.479
CAR,HR,2013,9362
CAR,HR,2013,10702
CAR,HR,2013,12166
CAR,HR,2013,13090
CAR,HR,2013,14118
CAR,HR,2013,13915
CAR,HR,2013,13578
CAR,HR,2013,14341
CAR,HR,2013,15340
CAR,HR,2013,16027
CAR,HR,2013,16439
CAR,IE,2013,14972
CAR,IE,2013,26298
CAR,IE,2013,19688
CAR,IE,2013,22021
CAR,IE,2013,23600
CAR,IE,2013,23982
CAR,IE,2013,24470
CAR,IE,2013,18317
CAR,IE,2013,21183
CAR,IE,2013,24207
CAR,IE,2013,23526
CAR,IS,2013,496
CAR,IS,2013,542
CAR,IS,2013,553
CAR,IS,2013,683
CAR,LT,2013,9920.4
CAR,LT,2013,7954.3
CAR,LT,2013,8100.5
CAR,LT,2013,9704.7
CAR,LT,2013,11204
CAR,LT,2013,12058.6
CAR,LV,2013,4152.6
CAR,LV,2013,5283.3
CAR,LV,2013,5884
CAR,LV,2013,6312.2
CAR,LV,2013,7029.14
CAR,LV,2013,7375.5
CAR,LV,2013,7545.1
CAR,LV,2013,7508.2
CAR,LV,2013,6867.3
CAR,LV,2013,6655.4
CAR,LV,2013,7056.5
CAR,LV,2013,7106.6
CAR,MT,2013,773.44
CAR,MT,2013,1068.27
CAR,MT,2013,779.85
CAR,MT,2013,1096.5
CAR,MT,2013,1152.07
CAR,MT,2013,1094.1
CAR,MT,2013,991.71
CAR,MT,2013,689.2
CAR,MT,2013,922.49
CAR,MT,2013,926.2
CAR,MT,2013,939.403
CAR,MT,2013,869.556
CAR,NL,2013,35491
CAR,NL,2013,35156
CAR,NL,2013,35400
CAR,NL,2013,35790
CAR,NL,2013,35191
CAR,NL,2013,33958
CAR,NL,2013,31584
CAR,NL,2013,22354
CAR,NL,2013,20438
CAR,NL,2013,19482
CAR,NL,2013,16572
CAR,NL,2013,13817
CAR,NO,2013,18889
CAR,NO,2013,19478
CAR,NO,2013,20097
CAR,NO,2013,20478
CAR,NO,2013,20413
CAR,NO,2013,20263
CAR,NO,2013,19326
CAR,NO,2013,17576
CAR,NO,2013,16972
CAR,NO,2013,15582
CAR,NO,2013,14418
CAR,NO,2013,13477
CAR,SE,2013,21041
CAR,SE,2013,23687
CAR,SE,2013,26476
CAR,SE,2013,29238
CAR,SE,2013,31351
CAR,SE,2013,32804
CAR,SE,2013,32198
CAR,SE,2013,29788.526
CAR,SE,2013,29122.257
CAR,SE,2013,28362.984
CAR,SE,2013,26818.031
CAR,SE,2013,25855.939
CAR,SI,2013,9831
CAR,SI,2013,9654
CAR,SI,2013,10317
CAR,SI,2013,10765
CAR,SI,2013,11107
CAR,SI,2013,9098
CAR,SI,2013,9843
CAR,SI,2013,10604
CAR,SI,2013,10913
CAR,SI,2013,10976
CAR,TR,2013,59467.714
CAR,TR,2013,68179.235
CAR,TR,2013,76926.496
CAR,TR,2013,80012.46
CAR,TR,2013,77692.272
CAR,TR,2013,76541.571
CAR,TR,2013,82195.503
CAR,TR,2013,87375.882
CAR,TR,2013,84260.854
CAR,TR,2013,86615.541
LOR_GT3P5-6,CZ,2013,1214.477
LOR_GT3P5-6,CZ,2013,1121.617
LOR_GT3P5-6,CZ,2013,119.57
LOR_GT3P5-6,FI,2013,485
LOR_GT3P5-6,FR,2013,64.961
LOR_GT3P5-6,FR,2013,64.878
LOR_GT3P5-6,FR,2014,65.072
LOR_GT3P5-6,FR,2014,61.682
LOR_GT3P5-6,FR,2014,64.194
LOR_GT3P5-6,FR,2014,61.77
LOR_GT3P5-6,FR,2014,58.246
LOR_GT3P5-6,FR,2014,50.939
LOR_GT3P5-6,FR,2014,56.092
LOR_GT3P5-6,FR,2014,54.899
LOR_GT3P5-6,FR,2014,53.528
LOR_GT3P5-6,FR,2014,51.763
LOR_GT3P5-6,LT,2014,37
LOR_GT3P5-6,LT,2014,15.4
LOR_GT3P5-6,LT,2014,23.5
LOR_GT3P5-6,LT,2014,24.5
LOR_GT3P5-6,LT,2014,20.9
LOR_GT3P5-6,LT,2014,15.5
LOR_GT3P5-6,LT,2014,19.9
LOR_GT3P5-6,LT,2014,36.5
LOR_GT3P5-6,LT,2014,23.5
LOR_GT3P5-6,LT,2014,39.2
LOR_GT3P5-6,LT,2014,0.4
LOR_GT3P5-6,LT,2014,1.9
LOR_GT3P5-6,LV,2014,88.7
LOR_GT3P5-6,LV,2014,83.9
LOR_GT3P5-6,LV,2014,76.4
LOR_GT3P5-6,LV,2014,20.5
LOR_GT3P5-6,LV,2014,23.2
LOR_GT3P5-6,LV,2014,21
LOR_GT3P5-6,LV,2014,19.8
LOR_GT3P5-6,LV,2014,22.3
LOR_GT3P5-6,LV,2014,14.6
LOR_GT3P5-6,LV,2014,12.9
LOR_GT3P5-6,LV,2014,12
LOR_GT3P5-6,LV,2014,11.7
LOR_GT3P5-6,MT,2014,63.8
LOR_GT3P5-6,MT,2014,66.29
LOR_GT3P5-6,MT,2014,40.98
LOR_GT3P5-6,MT,2014,71.35
LOR_GT3P5-6,MT,2014,65.66
LOR_GT3P5-6,MT,2014,61.18
LOR_GT3P5-6,MT,2014,59.38
LOR_GT3P5-6,MT,2014,57.1
LOR_GT3P5-6,MT,2014,60
LOR_GT3P5-6,MT,2014,60.927
LOR_GT3P5-6,MT,2014,63.69
LOR_GT3P5-6,MT,2014,60.271
LOR_GT3P5-6,NO,2014,162
LOR_GT3P5-6,NO,2014,142
LOR_GT3P5-6,NO,2014,125
LOR_GT3P5-6,NO,2014,96
LOR_GT3P5-6,NO,2014,79
LOR_GT3P5-6,NO,2014,65
LOR_GT3P5-6,NO,2014,59
LOR_GT3P5-6,NO,2014,51
LOR_GT3P5-6,NO,2014,50
LOR_GT3P5-6,NO,2014,49
LOR_GT3P5-6,NO,2014,45
LOR_GT3P5-6,NO,2014,46
LOR_GT3P5-6,PT,2014,20
LOR_GT3P5-6,PT,2014,16
LOR_GT3P5-6,PT,2014,14.82
LOR_GT3P5-6,PT,2014,8.7
LOR_GT3P5-6,PT,2014,7.97
LOR_GT3P5-6,PT,2014,16.41
LOR_GT3P5-6,PT,2014,17.08
LOR_GT3P5-6,SE,2014,73
LOR_GT3P5-6,SE,2014,70
LOR_GT3P5-6,SE,2014,70
LOR_GT3P5-6,SE,2014,67
LOR_GT3P5-6,SE,2014,61
LOR_GT3P5-6,SE,2014,60
LOR_GT3P5-6,SE,2014,57
LOR_GT3P5-6,SE,2014,57.088
LOR_GT3P5-6,SE,2014,57.872
LOR_GT3P5-6,SE,2014,58.373
LOR_GT3P5-6,SE,2014,59.318
LOR_GT3P5-6,SE,2014,60.921
LOR_GT3P5-6,TR,2014,475.511
LOR_GT3P5-6,TR,2014,509.284
LOR_GT3P5-6,TR,2014,509.079
LOR_GT3P5-6,TR,2014,427.178
LOR_GT3P5-6,TR,2014,385.78
LOR_GT3P5-6,TR,2014,475.31
LOR_GT3P5-6,TR,2014,489.619
LOR_GT3P5-6,TR,2014,459.393
LOR_GT3P5-6,TR,2014,446.276
LOR_GT3P5-6,TR,2014,394.276
LOR_GT6,CZ,2014,6046.935
LOR_GT6,CZ,2014,5925.165
LOR_GT6,CZ,2014,6874.48
LOR_GT6,FI,2014,1928
LOR_GT6,FR,2014,8659.888
LOR_GT6,FR,2014,8486.362
LOR_GT6,FR,2014,8358.852
LOR_GT6,FR,2014,8410.319
LOR_GT6,FR,2014,8385.385
LOR_GT6,FR,2014,8372.928
LOR_GT6,FR,2014,8402.987
LOR_GT6,FR,2014,7605.04
LOR_GT6,FR,2014,8131.587
LOR_GT6,FR,2014,8042.289
LOR_GT6,FR,2014,7740.429
LOR_GT6,FR,2014,7587.653
LOR_GT6,LT,2014,583.5
LOR_GT6,LT,2014,627.2
LOR_GT6,LT,2014,541
LOR_GT6,LT,2014,600.6
LOR_GT6,LT,2014,726.5
LOR_GT6,LT,2014,776.9
LOR_GT6,LT,2014,898.3
LOR_GT6,LT,2014,898
LOR_GT6,LT,2014,912.3
LOR_GT6,LT,2014,745.9
LOR_GT6,LT,2014,435.6
LOR_GT6,LT,2014,369.5
LOR_GT6,LV,2014,1401.8
LOR_GT6,LV,2014,434
LOR_GT6,LV,2014,404.8
LOR_GT6,LV,2014,422.8
LOR_GT6,LV,2014,440.2
LOR_GT6,LV,2014,457.6
LOR_GT6,LV,2014,449.5
LOR_GT6,LV,2014,472.8
LOR_GT6,LV,2014,407.3
LOR_GT6,LV,2014,376.6
LOR_GT6,LV,2014,370.1
LOR_GT6,LV,2014,371.5
LOR_GT6,MT,2014,52.37
LOR_GT6,MT,2014,57.35
LOR_GT6,MT,2014,24.72
LOR_GT6,MT,2014,68.43
LOR_GT6,MT,2014,65.23
LOR_GT6,MT,2014,62.27
LOR_GT6,MT,2014,57.14
LOR_GT6,MT,2014,53.1
LOR_GT6,MT,2014,53.36
LOR_GT6,MT,2014,50.326
LOR_GT6,MT,2014,53.422
LOR_GT6,MT,2014,50.962
LOR_GT6,NO,2014,2046
LOR_GT6,NO,2014,2066
LOR_GT6,NO,2014,2060
LOR_GT6,NO,2014,1408
LOR_GT6,NO,2014,1433
LOR_GT6,NO,2014,1433
LOR_GT6,NO,2014,1451
LOR_GT6,NO,2014,1402
LOR_GT6,NO,2014,1396
LOR_GT6,NO,2014,1413
LOR_GT6,NO,2014,1354
LOR_GT6,NO,2014,1332
LOR_GT6,PT,2014,736
LOR_GT6,PT,2014,710
LOR_GT6,PT,2014,737.32
LOR_GT6,PT,2014,628.39
LOR_GT6,PT,2014,591.62
LOR_GT6,PT,2014,550.47
LOR_GT6,PT,2014,540.5
LOR_GT6,SE,2014,3922
LOR_GT6,SE,2014,3912
LOR_GT6,SE,2014,3924
LOR_GT6,SE,2014,3969
LOR_GT6,SE,2014,4060
LOR_GT6,SE,2014,4103
LOR_GT6,SE,2014,4067
LOR_GT6,SE,2014,3284.738
LOR_GT6,SE,2014,3399.227
LOR_GT6,SE,2014,3434.167
LOR_GT6,SE,2014,3269.636
LOR_GT6,SE,2014,3168.612
LOR_GT6,TR,2014,15455.051
LOR_GT6,TR,2014,15374.511
LOR_GT6,TR,2014,15354.711
LOR_GT6,TR,2014,14732.792
LOR_GT6,TR,2014,13913.961
LOR_GT6,TR,2014,15160.284
LOR_GT6,TR,2014,15131.294
LOR_GT6,TR,2014,14448.603
LOR_GT6,TR,2014,14627.854
LOR_GT6,TR,2014,13919.435
LOR_LE3P5,BE,2014,10466
LOR_LE3P5,BE,2014,10799
LOR_LE3P5,BE,2014,11105
LOR_LE3P5,BE,2014,11573
LOR_LE3P5,BE,2014,11971
LOR_LE3P5,CZ,2014,8735.865
LOR_LE3P5,CZ,2014,8531.039
LOR_LE3P5,CZ,2014,8127.33
LOR_LE3P5,DE,2014,36848
LOR_LE3P5,DE,2014,39120
LOR_LE3P5,DE,2014,41475
LOR_LE3P5,DE,2014,43641
LOR_LE3P5,DE,2014,45854
LOR_LE3P5,DE,2014,47912
LOR_LE3P5,DE,2014,49931
LOR_LE3P5,DE,2014,51284
LOR_LE3P5,DE,2014,52827
LOR_LE3P5,DE,2014,54279
LOR_LE3P5,DE,2014,54606
LOR_LE3P5,DE,2014,54961
LOR_LE3P5,FI,2014,5437
LOR_LE3P5,FR,2014,60956.334
LOR_LE3P5,FR,2014,61656.267
LOR_LE3P5,FR,2014,62316.469
LOR_LE3P5,FR,2014,63526.056
LOR_LE3P5,FR,2014,64169.318
LOR_LE3P5,FR,2014,65995.546
LOR_LE3P5,FR,2014,67385.134
LOR_LE3P5,FR,2014,61497.856
LOR_LE3P5,FR,2014,68440.994
LOR_LE3P5,FR,2014,68254.554
LOR_LE3P5,FR,2014,66553.849
LOR_LE3P5,FR,2014,65974.182
LOR_LE3P5,HR,2014,3127
LOR_LE3P5,HR,2014,3159
LOR_LE3P5,HR,2014,3401
LOR_LE3P5,HR,2014,3485
LOR_LE3P5,HR,2014,3493
LOR_LE3P5,HR,2014,3789
LOR_LE3P5,IS,2014,149
LOR_LE3P5,IS,2014,127
LOR_LE3P5,IS,2014,126
LOR_LE3P5,IS,2014,160
LOR_LE3P5,LT,2014,370.1
LOR_LE3P5,LT,2014,353.8
LOR_LE3P5,LT,2014,290.3
LOR_LE3P5,LT,2014,335.7
LOR_LE3P5,LT,2014,297.7
LOR_LE3P5,LT,2014,297.9
LOR_LE3P5,LT,2014,271.5
LOR_LE3P5,LT,2014,220.3
LOR_LE3P5,LT,2014,226.9
LOR_LE3P5,LT,2014,177.4
LOR_LE3P5,LT,2014,435.9
LOR_LE3P5,LT,2014,371.3
LOR_LE3P5,LV,2014,971.1
LOR_LE3P5,LV,2014,1100.3
LOR_LE3P5,LV,2014,1157.9
LOR_LE3P5,LV,2014,1186.5
LOR_LE3P5,LV,2014,1227.9
LOR_LE3P5,LV,2014,1235.7
LOR_LE3P5,LV,2014,1294
LOR_LE3P5,LV,2014,1341.9
LOR_LE3P5,LV,2014,1160.6
LOR_LE3P5,LV,2014,1150.6
LOR_LE3P5,LV,2014,1213.5
LOR_LE3P5,LV,2014,1232.8
LOR_LE3P5,MT,2014,303.81
LOR_LE3P5,MT,2014,364.81
LOR_LE3P5,MT,2014,300.49
LOR_LE3P5,MT,2014,420.5
LOR_LE3P5,MT,2014,425.87
LOR_LE3P5,MT,2014,403.71
LOR_LE3P5,MT,2014,367.34
LOR_LE3P5,MT,2014,324.2
LOR_LE3P5,MT,2014,358.59
LOR_LE3P5,MT,2014,348.432
LOR_LE3P5,MT,2014,350.804
LOR_LE3P5,MT,2014,340.185
LOR_LE3P5,NL,2014,15877
LOR_LE3P5,NL,2014,15864
LOR_LE3P5,NL,2014,16117
LOR_LE3P5,NL,2014,16703
LOR_LE3P5,NL,2014,17181
LOR_LE3P5,NL,2014,17451
LOR_LE3P5,NL,2014,17867
LOR_LE3P5,NL,2014,17316
LOR_LE3P5,NL,2014,18144
LOR_LE3P5,NL,2014,18149
LOR_LE3P5,NL,2014,18124
LOR_LE3P5,NL,2014,17952
LOR_LE3P5,NO,2014,6727
LOR_LE3P5,NO,2014,6721
LOR_LE3P5,NO,2014,6707
LOR_LE3P5,NO,2014,6764
LOR_LE3P5,NO,2014,6890
LOR_LE3P5,NO,2014,6981
LOR_LE3P5,NO,2014,6998
LOR_LE3P5,NO,2014,6810
LOR_LE3P5,NO,2014,7035
LOR_LE3P5,NO,2014,6981
LOR_LE3P5,NO,2014,6855
LOR_LE3P5,NO,2014,6802
LOR_LE3P5,SE,2014,7348
LOR_LE3P5,SE,2014,7610
LOR_LE3P5,SE,2014,7866
LOR_LE3P5,SE,2014,8213
LOR_LE3P5,SE,2014,8517
LOR_LE3P5,SE,2014,8877
LOR_LE3P5,SE,2014,8829
LOR_LE3P5,SE,2014,8917.795
LOR_LE3P5,SE,2014,9139.415
LOR_LE3P5,SE,2014,9114.576
LOR_LE3P5,SE,2014,8938.62
LOR_LE3P5,SE,2014,8856.459
LOR_LE3P5,SI,2014,1573
LOR_LE3P5,SI,2014,1571
LOR_LE3P5,SI,2014,1691
LOR_LE3P5,SI,2014,1801
LOR_LE3P5,SI,2014,1877
LOR_LE3P5,SI,2014,1753
LOR_LE3P5,SI,2014,1918
LOR_LE3P5,SI,2014,1984
LOR_LE3P5,SI,2014,1994
LOR_LE3P5,SI,2014,2031
LOR_LE3P5,TR,2014,50881.328
LOR_LE3P5,TR,2014,54192.552
LOR_LE3P5,TR,2014,58298.921
LOR_LE3P5,TR,2014,60267.825
LOR_LE3P5,TR,2014,58763.462
LOR_LE3P5,TR,2014,60663.249
LOR_LE3P5,TR,2014,64581.422
LOR_LE3P5,TR,2014,65264.141
LOR_LE3P5,TR,2014,67429.51
LOR_LE3P5,TR,2014,70704.856
CAR,AT,2014,26
CAR,AT,2014,44
CAR,AT,2014,54
CAR,AT,2014,116.359
CAR,AT,2014,187.472
CAR,AT,2014,334.462
CAR,AT,2014,452.405
CAR,AT,2014,625.681
CAR,AT,2014,1104.34
CAR,AT,2014,1823.222
CAR,AT,2014,2529.098
CAR,AT,2014,3540
CAR,FI,2014,202
CAR,FI,2014,388
CAR,FI,2014,662
CAR,FI,2014,1198
CAR,FI,2014,1819
CAR,FI,2014,4123
CAR,FI,2014,5255
CAR,IE,2014,276
CAR,IE,2014,278
CAR,IE,2014,321
CAR,IE,2014,377
CAR,IE,2014,467
CAR,IE,2014,610
CAR,IE,2014,862
CAR,IE,2014,850
CAR,IE,2014,1400
CAR,IE,2014,2326
CAR,IE,2014,3209
CAR,NL,2014,5498
CAR,NL,2014,6128
CAR,NL,2014,6582
CAR,NL,2014,7356
CAR,NL,2014,7711
CAR,NL,2014,7839
CAR,NL,2014,8533
CAR,NL,2014,7945
CAR,NL,2014,11006
CAR,NL,2014,15573
CAR,NL,2014,20757
CAR,NL,2014,26538
CAR,NO,2014,119
CAR,NO,2014,315
CAR,NO,2014,811
CAR,NO,2014,2251
CAR,NO,2014,3464
CAR,NO,2014,5131
CAR,NO,2014,6526
CAR,NO,2014,7874
CAR,NO,2014,10359
CAR,NO,2014,12811
CAR,NO,2014,15054
CAR,NO,2014,16297
CAR,UA,2014,410
CAR,UA,2014,423
CAR,UA,2014,456
CAR,UA,2014,442
CAR,UA,2014,328
CAR,UA,2014,250
CAR,UA,2014,328
LOR_GT3P5-6,EE,2014,90
LOR_GT3P5-6,NO,2014,46
LOR_GT3P5-6,NO,2014,35
LOR_GT3P5-6,NO,2014,28
LOR_GT3P5-6,NO,2014,15
LOR_GT3P5-6,NO,2014,11
LOR_GT3P5-6,NO,2014,9
LOR_GT3P5-6,NO,2014,6
LOR_GT3P5-6,NO,2014,5
LOR_GT3P5-6,NO,2014,3
LOR_GT3P5-6,NO,2014,3
LOR_GT3P5-6,NO,2014,9
LOR_GT3P5-6,NO,2014,17
LOR_GT6,AT,2014,0
LOR_GT6,AT,2014,0
LOR_GT6,AT,2014,1
LOR_GT6,AT,2014,61
LOR_GT6,AT,2014,69
LOR_GT6,AT,2014,69
LOR_GT6,AT,2014,70
LOR_GT6,AT,2014,69
LOR_GT6,AT,2014,74
LOR_GT6,NO,2014,6
LOR_GT6,NO,2014,6
LOR_GT6,NO,2014,7
LOR_GT6,NO,2014,9
LOR_GT6,NO,2014,9
LOR_GT6,NO,2014,10
LOR_GT6,NO,2014,11
LOR_GT6,NO,2014,13
LOR_GT6,NO,2014,17
LOR_GT6,NO,2014,23
LOR_GT6,NO,2014,38
LOR_GT6,NO,2014,61
LOR_LE3P5,AT,2014,13
LOR_LE3P5,AT,2014,13
LOR_LE3P5,AT,2014,16
LOR_LE3P5,AT,2014,11.885
LOR_LE3P5,AT,2014,13.861
LOR_LE3P5,AT,2014,16.673
LOR_LE3P5,AT,2014,20.357
LOR_LE3P5,AT,2014,27.589
LOR_LE3P5,AT,2014,46.581
LOR_LE3P5,AT,2014,92.248
LOR_LE3P5,AT,2014,111
LOR_LE3P5,AT,2014,137
LOR_LE3P5,FI,2014,12
LOR_LE3P5,FI,2014,17
LOR_LE3P5,FI,2014,21
LOR_LE3P5,FI,2014,29
LOR_LE3P5,NL,2014,265
LOR_LE3P5,NL,2014,269
LOR_LE3P5,NL,2014,275
LOR_LE3P5,NL,2014,285
LOR_LE3P5,NL,2014,321
LOR_LE3P5,NL,2014,343
LOR_LE3P5,NL,2014,387
LOR_LE3P5,NL,2014,400
LOR_LE3P5,NL,2014,457
LOR_LE3P5,NL,2014,551
LOR_LE3P5,NL,2014,701
LOR_LE3P5,NL,2014,897
LOR_LE3P5,NO,2014,8
LOR_LE3P5,NO,2014,17
LOR_LE3P5,NO,2014,14
LOR_LE3P5,NO,2014,24
LOR_LE3P5,NO,2014,36
LOR_LE3P5,NO,2014,53
LOR_LE3P5,NO,2014,71
LOR_LE3P5,NO,2014,93
LOR_LE3P5,NO,2014,142
LOR_LE3P5,NO,2014,226
LOR_LE3P5,NO,2014,311
LOR_LE3P5,NO,2014,478
CAR,FR,2014,3855
CAR,FR,2014,4457
CAR,FR,2014,5267
CAR,FR,2014,6239
CAR,FR,2014,7628.7
CAR,FR,2014,9627.156
CAR,IE,2014,276
CAR,IE,2014,278
CAR,IE,2014,321
CAR,IE,2014,377
CAR,IE,2014,468
CAR,IE,2014,610
CAR,IE,2014,862
CAR,IE,2014,850
CAR,IE,2014,1400
CAR,IE,2014,2326
CAR,IE,2014,3209
CAR,LT,2014,2325
CAR,LT,2014,1405.7
CAR,LT,2014,1719.3
CAR,LT,2014,1230.7
CAR,LT,2014,1631.8
CAR,LT,2014,1464
CAR,MT,2014,4.24
CAR,MT,2014,173.25
CAR,MT,2014,9.24
CAR,MT,2014,19.48
CAR,MT,2014,20.94
CAR,MT,2014,34.97
CAR,MT,2014,36.25
CAR,MT,2014,31.8
CAR,MT,2014,74.92
CAR,MT,2014,81.33
CAR,MT,2014,107.315
CAR,MT,2014,147.614
CAR,NL,2014,5245
CAR,NL,2014,5834
CAR,NL,2014,6261
CAR,NL,2014,6993
CAR,NL,2014,7327
CAR,NL,2014,7441
CAR,NL,2014,8096
CAR,NL,2014,7656
CAR,NL,2014,10628
CAR,NL,2014,14827
CAR,NL,2014,19695
CAR,NL,2014,25199
CAR,NO,2014,118
CAR,NO,2014,312
CAR,NO,2014,803
CAR,NO,2014,2228
CAR,NO,2014,3429
CAR,NO,2014,5080
CAR,NO,2014,6461
CAR,NO,2014,7795
CAR,NO,2014,10255
CAR,NO,2014,12683
CAR,NO,2014,14903
CAR,NO,2014,16134
CAR,SI,2014,192
CAR,SI,2014,225
CAR,SI,2014,261
CAR,SI,2014,295
CAR,SI,2014,327
CAR,SI,2014,310
CAR,SI,2014,405
CAR,SI,2014,616
CAR,SI,2014,921
CAR,SI,2014,1270
CAR,UA,2014,386
LOR_GT3P5-6,LT,2014,0.7
LOR_GT3P5-6,LT,2014,2.1
LOR_GT3P5-6,LT,2014,0
LOR_GT3P5-6,LT,2014,3.5
LOR_GT3P5-6,LT,2014,2.8
LOR_GT3P5-6,LT,2014,0
LOR_GT3P5-6,LT,2014,0.2
LOR_GT3P5-6,LT,2014,0.5
LOR_GT3P5-6,LT,2014,0
LOR_GT3P5-6,LT,2014,0
LOR_GT3P5-6,LT,2014,0
LOR_GT3P5-6,LT,2014,0
LOR_GT3P5-6,MT,2014,0.14
LOR_GT3P5-6,MT,2014,0.2
LOR_GT3P5-6,MT,2014,0.21
LOR_GT3P5-6,MT,2014,0.22
LOR_GT3P5-6,MT,2014,0.02
LOR_GT3P5-6,MT,2014,0.17
LOR_GT3P5-6,MT,2014,0.16
LOR_GT3P5-6,MT,2014,0.2
LOR_GT3P5-6,MT,2014,0.09
LOR_GT3P5-6,MT,2014,0.08
LOR_GT3P5-6,MT,2014,0.103
LOR_GT3P5-6,MT,2014,0.138
LOR_GT3P5-6,NO,2014,43
LOR_GT3P5-6,NO,2015,33
LOR_GT3P5-6,NO,2015,26
LOR_GT3P5-6,NO,2015,14
LOR_GT3P5-6,NO,2015,10
LOR_GT3P5-6,NO,2015,8
LOR_GT3P5-6,NO,2015,6
LOR_GT3P5-6,NO,2015,5
LOR_GT3P5-6,NO,2015,3
LOR_GT3P5-6,NO,2015,3
LOR_GT3P5-6,NO,2015,8
LOR_GT3P5-6,NO,2015,16
LOR_GT3P5-6,PT,2015,2
LOR_GT3P5-6,PT,2015,0
LOR_GT3P5-6,PT,2015,0.22
LOR_GT3P5-6,PT,2015,0
LOR_GT3P5-6,PT,2015,0
LOR_GT3P5-6,PT,2015,0
LOR_GT3P5-6,PT,2015,0
LOR_GT6,LT,2015,2.2
LOR_GT6,LT,2015,2.8
LOR_GT6,LT,2015,1.4
LOR_GT6,LT,2015,3.3
LOR_GT6,LT,2015,0.3
LOR_GT6,LT,2015,0
LOR_GT6,LT,2015,0.1
LOR_GT6,LT,2015,3.4
LOR_GT6,LT,2015,0.5
LOR_GT6,LT,2015,0.2
LOR_GT6,LT,2015,0.4
LOR_GT6,LT,2015,2.1
LOR_GT6,MT,2015,0.08
LOR_GT6,MT,2015,0.31
LOR_GT6,MT,2015,0.11
LOR_GT6,MT,2015,0.33
LOR_GT6,MT,2015,0.27
LOR_GT6,MT,2015,0.2
LOR_GT6,MT,2015,0.29
LOR_GT6,MT,2015,0.6
LOR_GT6,MT,2015,0.34
LOR_GT6,MT,2015,0.29
LOR_GT6,MT,2015,0.254
LOR_GT6,MT,2015,0.189
LOR_GT6,NO,2015,6
LOR_GT6,NO,2015,6
LOR_GT6,NO,2015,7
LOR_GT6,NO,2015,8
LOR_GT6,NO,2015,8
LOR_GT6,NO,2015,9
LOR_GT6,NO,2015,10
LOR_GT6,NO,2015,12
LOR_GT6,NO,2015,16
LOR_GT6,NO,2015,22
LOR_GT6,NO,2015,36
LOR_GT6,NO,2015,57
LOR_GT6,PT,2015,33
LOR_GT6,PT,2015,2
LOR_GT6,PT,2015,8.33
LOR_GT6,PT,2015,2.11
LOR_GT6,PT,2015,2.67
LOR_GT6,PT,2015,2.84
LOR_GT6,PT,2015,1.98
LOR_LE3P5,LT,2015,3.4
LOR_LE3P5,LT,2015,2
LOR_LE3P5,LT,2015,1.8
LOR_LE3P5,LT,2015,0.9
LOR_LE3P5,LT,2015,0
LOR_LE3P5,LT,2015,0.1
LOR_LE3P5,LT,2015,3
LOR_LE3P5,LT,2015,0
LOR_LE3P5,LT,2015,0
LOR_LE3P5,LT,2015,0.4
LOR_LE3P5,MT,2015,0.08
LOR_LE3P5,MT,2015,0.31
LOR_LE3P5,MT,2015,0.04
LOR_LE3P5,MT,2015,0.17
LOR_LE3P5,MT,2015,0.2
LOR_LE3P5,MT,2015,0.64
LOR_LE3P5,MT,2015,0.64
LOR_LE3P5,MT,2015,0.7
LOR_LE3P5,MT,2015,1.07
LOR_LE3P5,MT,2015,1.41
LOR_LE3P5,MT,2015,1.998
LOR_LE3P5,MT,2015,2.683
LOR_LE3P5,NL,2015,255
LOR_LE3P5,NL,2015,258
LOR_LE3P5,NL,2015,264
LOR_LE3P5,NL,2015,273
LOR_LE3P5,NL,2015,307
LOR_LE3P5,NL,2015,329
LOR_LE3P5,NL,2015,370
LOR_LE3P5,NL,2015,384
LOR_LE3P5,NL,2015,439
LOR_LE3P5,NL,2015,529
LOR_LE3P5,NL,2015,673
LOR_LE3P5,NL,2015,861
LOR_LE3P5,NO,2015,8
LOR_LE3P5,NO,2015,17
LOR_LE3P5,NO,2015,14
LOR_LE3P5,NO,2015,24
LOR_LE3P5,NO,2015,36
LOR_LE3P5,NO,2015,52
LOR_LE3P5,NO,2015,70
LOR_LE3P5,NO,2015,92
LOR_LE3P5,NO,2015,141
LOR_LE3P5,NO,2015,224
LOR_LE3P5,NO,2015,308
LOR_LE3P5,NO,2015,473
LOR_LE3P5,SI,2015,7
LOR_LE3P5,SI,2015,9
LOR_LE3P5,SI,2015,9
LOR_LE3P5,SI,2015,11
LOR_LE3P5,SI,2015,11
LOR_LE3P5,SI,2015,11
LOR_LE3P5,SI,2015,13
LOR_LE3P5,SI,2015,15
LOR_LE3P5,SI,2015,17
LOR_LE3P5,SI,2015,18
CAR,BE,2015,421
CAR,BE,2015,387
CAR,BE,2015,385
CAR,BE,2015,412
CAR,BE,2015,366
CAR,CZ,2015,2006.298
CAR,CZ,2015,2128.709
CAR,CZ,2015,2655.42
CAR,DE,2015,10902
CAR,DE,2015,10913
CAR,DE,2015,10884
CAR,DE,2015,10557
CAR,DE,2015,11083
CAR,DE,2015,12627
CAR,DE,2015,15740
CAR,DE,2015,20947
CAR,DE,2015,34443
CAR,DE,2015,51873
CAR,DE,2015,65986
CAR,DE,2015,80728
CAR,EE,2015,8211.9
CAR,EE,2015,8476
CAR,EE,2015,8670.2
CAR,EE,2015,8876.1
CAR,EE,2015,8924.1
CAR,EE,2015,9397.2
CAR,EE,2015,9263.3
CAR,EE,2015,9393.4
CAR,EE,2015,9705.4
CAR,EE,2015,96
CAR,FI,2015,388
CAR,FI,2015,662
CAR,FI,2015,1198
CAR,FI,2015,1819
CAR,FI,2015,38385
CAR,FI,2015,4123
CAR,FI,2015,2355
CAR,FR,2015,2924.702
CAR,FR,2015,2846.198
CAR,FR,2015,2840.085
CAR,FR,2015,2937.903
CAR,FR,2015,2934.794
CAR,FR,2015,3072.691
CAR,FR,2015,3423.468
CAR,FR,2015,3465.651
CAR,FR,2015,5904.785
CAR,FR,2015,10015.509
CAR,FR,2015,15165.655
CAR,FR,2015,20753.052
CAR,HR,2015,875
CAR,HR,2015,939
CAR,HR,2015,1014
CAR,HR,2015,1016
CAR,HR,2015,954
CAR,HR,2015,793
CAR,HR,2015,777
CAR,HR,2015,877
CAR,HR,2015,882
CAR,HR,2015,864
CAR,HR,2015,848
CAR,IE,2015,275
CAR,IE,2015,-9838
CAR,IE,2015,319
CAR,IE,2015,376
CAR,IE,2015,467
CAR,IE,2015,610
CAR,IE,2015,862
CAR,IE,2015,850
CAR,IE,2015,1400
CAR,IE,2015,2326
CAR,IE,2015,3209
CAR,IS,2015,19
CAR,IS,2015,21
CAR,IS,2015,37
CAR,IS,2015,67
CAR,LT,2015,2422.8
CAR,LT,2015,1437.5
CAR,LT,2015,1719.3
CAR,LT,2015,1230.7
CAR,LT,2015,1631.8
CAR,LT,2015,1464
CAR,LV,2015,619.5
CAR,LV,2015,854.6
CAR,LV,2015,896.4
CAR,LV,2015,840.46
CAR,LV,2015,843.86
CAR,LV,2015,763.4
CAR,LV,2015,711.8
CAR,LV,2015,635.7
CAR,LV,2015,671
CAR,LV,2015,491.7
CAR,LV,2015,511.1
CAR,LV,2015,504.4
CAR,MK,2015,3121.182
CAR,MK,2015,3343.041
CAR,MK,2015,3454.497
CAR,MK,2015,3554.406
CAR,MK,2015,3629.844
CAR,MK,2015,3735.558
CAR,MK,2015,3834.405
CAR,MK,2015,3862.764
CAR,MK,2015,4300.38
CAR,MK,2015,4351.338
CAR,MK,2015,4975.767
CAR,MK,2015,5221.89
CAR,MT,2015,1.63
CAR,MT,2015,4.99
CAR,MT,2015,7.36
CAR,MT,2015,13.53
CAR,MT,2015,18.82
CAR,MT,2015,22.41
CAR,MT,2015,24.3
CAR,MT,2015,23.1
CAR,MT,2015,31.22
CAR,MT,2015,29.254
CAR,MT,2015,34.412
CAR,MT,2015,38.991
CAR,NL,2015,3454
CAR,NL,2015,3644
CAR,NL,2015,2882
CAR,NL,2015,2651
CAR,NL,2015,2405
CAR,NL,2015,2070
CAR,NL,2015,1836
CAR,NL,2015,1372
CAR,NL,2015,1354
CAR,NL,2015,1386
CAR,NL,2015,1368
CAR,NL,2015,1306
CAR,NO,2015,119
CAR,NO,2015,315
CAR,NO,2015,811
CAR,NO,2015,1167
CAR,NO,2015,1659
CAR,NO,2015,2409
CAR,NO,2015,3338
CAR,NO,2015,4212
CAR,NO,2015,5979
CAR,NO,2015,8002
CAR,NO,2015,9955
CAR,NO,2015,11080
CAR,SE,2015,4662
CAR,SE,2015,4536
CAR,SE,2015,4419
CAR,SE,2015,4273
CAR,SE,2015,4069
CAR,SE,2015,3897
CAR,SE,2015,3771
CAR,SE,2015,3548.893
CAR,SE,2015,3864.265
CAR,SE,2015,4913.156
CAR,SE,2015,6451.505
CAR,SE,2015,7964.723
CAR,SI,2015,173
CAR,SI,2015,192
CAR,SI,2015,209
CAR,SI,2015,213
CAR,SI,2015,207
CAR,SI,2015,170
CAR,SI,2015,191
CAR,SI,2015,236
CAR,SI,2015,297
CAR,SI,2015,354
CAR,TR,2015,48184.505
CAR,TR,2015,50904.187
CAR,TR,2015,53137.178
CAR,TR,2015,56207.916
CAR,TR,2015,54886.34
CAR,TR,2015,54183.232
CAR,TR,2015,55316.278
CAR,TR,2015,58711.627
CAR,TR,2015,62260.96
CAR,TR,2015,64411.142
CAR,UK,2015,385300
CAR,UK,2015,392471
CAR,UK,2015,397711
CAR,UK,2015,447077
CAR,UK,2015,336726
LOR_GT3P5-6,CZ,2015,9.902
LOR_GT3P5-6,CZ,2015,9.045
LOR_GT3P5-6,CZ,2015,2.92
LOR_GT3P5-6,FI,2015,38
LOR_GT3P5-6,FR,2015,0.65
LOR_GT3P5-6,FR,2015,0.879
LOR_GT3P5-6,FR,2015,1.082
LOR_GT3P5-6,FR,2015,0.864
LOR_GT3P5-6,FR,2015,0.671
LOR_GT3P5-6,FR,2015,0.589
LOR_GT3P5-6,FR,2015,0.551
LOR_GT3P5-6,FR,2015,0.466
LOR_GT3P5-6,FR,2015,1.055
LOR_GT3P5-6,FR,2015,0.984
LOR_GT3P5-6,FR,2015,1.175
LOR_GT3P5-6,FR,2015,2.693
LOR_GT3P5-6,LT,2015,0.7
LOR_GT3P5-6,LT,2015,2.1
LOR_GT3P5-6,LT,2015,0
LOR_GT3P5-6,LT,2015,3.4
LOR_GT3P5-6,LT,2015,0
LOR_GT3P5-6,LT,2015,0
LOR_GT3P5-6,LT,2015,0.2
LOR_GT3P5-6,LT,2015,0
LOR_GT3P5-6,LT,2015,0
LOR_GT3P5-6,LT,2015,0
LOR_GT3P5-6,LT,2015,0
LOR_GT3P5-6,LT,2015,0
LOR_GT3P5-6,LV,2015,16.2
LOR_GT3P5-6,LV,2015,6.9
LOR_GT3P5-6,LV,2015,6.5
LOR_GT3P5-6,LV,2015,1.8
LOR_GT3P5-6,LV,2015,1.9
LOR_GT3P5-6,LV,2015,2.4
LOR_GT3P5-6,LV,2015,1.6
LOR_GT3P5-6,LV,2015,2.9
LOR_GT3P5-6,LV,2015,1.1
LOR_GT3P5-6,LV,2015,0.4
LOR_GT3P5-6,LV,2015,0.8
LOR_GT3P5-6,LV,2015,0.6
LOR_GT3P5-6,MT,2015,0.14
LOR_GT3P5-6,MT,2015,0.16
LOR_GT3P5-6,MT,2015,0.06
LOR_GT3P5-6,MT,2015,0.2
LOR_GT3P5-6,MT,2015,0.06
LOR_GT3P5-6,MT,2015,0.18
LOR_GT3P5-6,MT,2015,0.13
LOR_GT3P5-6,MT,2015,0.2
LOR_GT3P5-6,MT,2015,0.09
LOR_GT3P5-6,MT,2015,0.078
LOR_GT3P5-6,MT,2015,0.103
LOR_GT3P5-6,MT,2015,0.138
LOR_GT3P5-6,NO,2015,46
LOR_GT3P5-6,NO,2015,35
LOR_GT3P5-6,NO,2015,28
LOR_GT3P5-6,NO,2015,15
LOR_GT3P5-6,NO,2015,11
LOR_GT3P5-6,NO,2015,8
LOR_GT3P5-6,NO,2015,6
LOR_GT3P5-6,NO,2015,5
LOR_GT3P5-6,NO,2015,4
LOR_GT3P5-6,NO,2015,4
LOR_GT3P5-6,NO,2015,11
LOR_GT3P5-6,NO,2015,17
LOR_GT3P5-6,PT,2015,2
LOR_GT3P5-6,PT,2015,0
LOR_GT3P5-6,PT,2015,0.024
LOR_GT3P5-6,PT,2015,0
LOR_GT3P5-6,PT,2015,0
LOR_GT3P5-6,PT,2015,0
LOR_GT3P5-6,PT,2015,0
LOR_GT3P5-6,SE,2015,5
LOR_GT3P5-6,SE,2015,6
LOR_GT3P5-6,SE,2015,5
LOR_GT3P5-6,SE,2015,4
LOR_GT3P5-6,SE,2015,4
LOR_GT3P5-6,SE,2015,4
LOR_GT3P5-6,SE,2015,5
LOR_GT3P5-6,SE,2015,4.389
LOR_GT3P5-6,SE,2015,3.997
LOR_GT3P5-6,SE,2015,4.156
LOR_GT3P5-6,SE,2015,3.543
LOR_GT3P5-6,SE,2015,4.702
LOR_GT3P5-6,TR,2015,24.805
LOR_GT3P5-6,TR,2015,16.976
LOR_GT3P5-6,TR,2015,14.362
LOR_GT3P5-6,TR,2015,25.05
LOR_GT3P5-6,TR,2015,12.433
LOR_GT3P5-6,TR,2015,30.695
LOR_GT3P5-6,TR,2015,16.451
LOR_GT3P5-6,TR,2015,27.726
LOR_GT3P5-6,TR,2015,16.11
LOR_GT3P5-6,TR,2015,12.139
LOR_GT6,CZ,2015,20.284
LOR_GT6,CZ,2015,20.052
LOR_GT6,CZ,2015,24.29
LOR_GT6,FI,2015,37
LOR_GT6,FR,2015,6.905
LOR_GT6,FR,2015,8.151
LOR_GT6,FR,2015,9.315
LOR_GT6,FR,2015,11.293
LOR_GT6,FR,2015,17.543
LOR_GT6,FR,2015,31.294
LOR_GT6,FR,2015,47.58
LOR_GT6,FR,2015,59.418
LOR_GT6,FR,2015,83.295
LOR_GT6,FR,2015,104.499
LOR_GT6,FR,2015,142.944
LOR_GT6,FR,2015,206.939
LOR_GT6,LT,2015,2.2
LOR_GT6,LT,2015,2.9
LOR_GT6,LT,2015,1
LOR_GT6,LT,2015,3.2
LOR_GT6,LT,2015,79.5
LOR_GT6,LT,2015,0
LOR_GT6,LT,2015,0.1
LOR_GT6,LT,2015,3.6
LOR_GT6,LT,2015,1.4
LOR_GT6,LT,2015,0
LOR_GT6,LT,2015,0.9
LOR_GT6,LT,2015,4.3
LOR_GT6,LV,2015,22.6
LOR_GT6,LV,2015,11
LOR_GT6,LV,2015,5.2
LOR_GT6,LV,2015,9.1
LOR_GT6,LV,2015,11.1
LOR_GT6,LV,2015,8.5
LOR_GT6,LV,2015,7.3
LOR_GT6,LV,2015,12.7
LOR_GT6,LV,2015,6.8
LOR_GT6,LV,2015,7.1
LOR_GT6,LV,2015,5.8
LOR_GT6,LV,2015,6.1
LOR_GT6,MT,2015,0.08
LOR_GT6,MT,2015,0.16
LOR_GT6,MT,2015,0.08
LOR_GT6,MT,2015,0.31
LOR_GT6,MT,2015,0.14
LOR_GT6,MT,2015,0.11
LOR_GT6,MT,2015,0.28
LOR_GT6,MT,2015,0.2
LOR_GT6,MT,2015,0.34
LOR_GT6,MT,2015,0.293
LOR_GT6,MT,2015,0.254
LOR_GT6,MT,2015,0.189
LOR_GT6,NO,2015,6
LOR_GT6,NO,2015,6
LOR_GT6,NO,2015,7
LOR_GT6,NO,2015,8
LOR_GT6,NO,2015,8
LOR_GT6,NO,2015,10
LOR_GT6,NO,2015,11
LOR_GT6,NO,2015,12
LOR_GT6,NO,2015,15
LOR_GT6,NO,2015,23
LOR_GT6,NO,2015,38
LOR_GT6,NO,2015,61
LOR_GT6,PT,2015,34
LOR_GT6,PT,2015,3
LOR_GT6,PT,2015,8.65
LOR_GT6,PT,2015,2.11
LOR_GT6,PT,2015,3.61
LOR_GT6,PT,2015,2.97
LOR_GT6,PT,2015,2.07
LOR_GT6,SE,2015,21
LOR_GT6,SE,2015,29
LOR_GT6,SE,2015,33
LOR_GT6,SE,2015,47
LOR_GT6,SE,2015,47
LOR_GT6,SE,2015,45
LOR_GT6,SE,2015,48
LOR_GT6,SE,2015,53.066
LOR_GT6,SE,2015,70.186
LOR_GT6,SE,2015,97.591
LOR_GT6,SE,2015,140.908
LOR_GT6,SE,2015,180.447
LOR_GT6,TR,2015,57.775
LOR_GT6,TR,2015,46.518
LOR_GT6,TR,2015,42.242
LOR_GT6,TR,2015,56.795
LOR_GT6,TR,2015,40.157
LOR_GT6,TR,2015,73.634
LOR_GT6,TR,2015,42.838
LOR_GT6,TR,2015,57.353
LOR_GT6,TR,2015,38.911
LOR_GT6,TR,2015,33.326
LOR_LE3P5,BE,2015,134
LOR_LE3P5,BE,2015,145
LOR_LE3P5,BE,2015,167
LOR_LE3P5,BE,2015,188
LOR_LE3P5,BE,2015,192
LOR_LE3P5,CZ,2015,253.657
LOR_LE3P5,CZ,2015,246.338
LOR_LE3P5,CZ,2015,270.88
LOR_LE3P5,DE,2015,284
LOR_LE3P5,DE,2015,296
LOR_LE3P5,DE,2015,296
LOR_LE3P5,DE,2015,309
LOR_LE3P5,DE,2015,292
LOR_LE3P5,DE,2015,292
LOR_LE3P5,DE,2015,552
LOR_LE3P5,DE,2015,659
LOR_LE3P5,DE,2015,802
LOR_LE3P5,DE,2015,983
LOR_LE3P5,DE,2015,1097
LOR_LE3P5,DE,2015,1430
LOR_LE3P5,FI,2015,5693
LOR_LE3P5,FI,2015,5726
LOR_LE3P5,FI,2015,5667
LOR_LE3P5,FI,2015,5777
LOR_LE3P5,FI,2015,5598
LOR_LE3P5,FI,2015,5611
LOR_LE3P5,FI,2015,90
LOR_LE3P5,FR,2015,223.445
LOR_LE3P5,FR,2015,246.938
LOR_LE3P5,FR,2015,268.827
LOR_LE3P5,FR,2015,299.276
LOR_LE3P5,FR,2015,320.223
LOR_LE3P5,FR,2015,356.383
LOR_LE3P5,FR,2015,403.864
LOR_LE3P5,FR,2015,410.966
LOR_LE3P5,FR,2015,545.644
LOR_LE3P5,FR,2015,672.745
LOR_LE3P5,FR,2015,869.603
LOR_LE3P5,FR,2015,1113.11
LOR_LE3P5,HR,2015,21
LOR_LE3P5,HR,2015,23
LOR_LE3P5,HR,2015,30
LOR_LE3P5,HR,2015,27
LOR_LE3P5,HR,2015,31
LOR_LE3P5,HR,2015,30
LOR_LE3P5,IS,2015,1
LOR_LE3P5,IS,2015,2
LOR_LE3P5,IS,2015,1
LOR_LE3P5,IS,2015,0
LOR_LE3P5,LT,2015,3.4
LOR_LE3P5,LT,2015,2
LOR_LE3P5,LT,2015,3.2
LOR_LE3P5,LT,2015,1
LOR_LE3P5,LT,2015,0
LOR_LE3P5,LT,2015,0.2
LOR_LE3P5,LT,2015,3
LOR_LE3P5,LT,2015,-0.1
LOR_LE3P5,LT,2015,0
LOR_LE3P5,LT,2015,0.4
LOR_LE3P5,LT,2015,0.9
LOR_LE3P5,LT,2015,4.3
LOR_LE3P5,LV,2015,24
LOR_LE3P5,LV,2015,26.8
LOR_LE3P5,LV,2015,26.2
LOR_LE3P5,LV,2015,26.5
LOR_LE3P5,LV,2015,22.9
LOR_LE3P5,LV,2015,20.4
LOR_LE3P5,LV,2015,18.9
LOR_LE3P5,LV,2015,20.5
LOR_LE3P5,LV,2015,15.4
LOR_LE3P5,LV,2015,15.7
LOR_LE3P5,LV,2015,16.1
LOR_LE3P5,LV,2015,16.7
LOR_LE3P5,MT,2015,0.07
LOR_LE3P5,MT,2015,0.33
LOR_LE3P5,MT,2015,0.04
LOR_LE3P5,MT,2015,0.19
LOR_LE3P5,MT,2015,0.56
LOR_LE3P5,MT,2015,0.47
LOR_LE3P5,MT,2015,0.65
LOR_LE3P5,MT,2015,0.7
LOR_LE3P5,MT,2015,1.07
LOR_LE3P5,MT,2015,1.408
LOR_LE3P5,MT,2015,1.997
LOR_LE3P5,MT,2015,2.683
LOR_LE3P5,NL,2015,265
LOR_LE3P5,NL,2015,269
LOR_LE3P5,NL,2015,275
LOR_LE3P5,NL,2015,284
LOR_LE3P5,NL,2015,320
LOR_LE3P5,NL,2015,342
LOR_LE3P5,NL,2015,387
LOR_LE3P5,NL,2015,401
LOR_LE3P5,NL,2015,473
LOR_LE3P5,NL,2015,552
LOR_LE3P5,NL,2015,701
LOR_LE3P5,NL,2015,897
LOR_LE3P5,NO,2015,7
LOR_LE3P5,NO,2015,17
LOR_LE3P5,NO,2015,37
LOR_LE3P5,NO,2015,24
LOR_LE3P5,NO,2015,36
LOR_LE3P5,NO,2015,53
LOR_LE3P5,NO,2015,70
LOR_LE3P5,NO,2015,93
LOR_LE3P5,NO,2015,142
LOR_LE3P5,NO,2015,227
LOR_LE3P5,NO,2015,311
LOR_LE3P5,NO,2015,479
LOR_LE3P5,SE,2015,116
LOR_LE3P5,SE,2015,118
LOR_LE3P5,SE,2015,122
LOR_LE3P5,SE,2015,126
LOR_LE3P5,SE,2015,127
LOR_LE3P5,SE,2015,131
LOR_LE3P5,SE,2015,135
LOR_LE3P5,SE,2015,156.067
LOR_LE3P5,SE,2015,194.452
LOR_LE3P5,SE,2016,232.674
LOR_LE3P5,SE,2016,311.898
LOR_LE3P5,SE,2016,414.097
LOR_LE3P5,SI,2016,11
LOR_LE3P5,SI,2016,11
LOR_LE3P5,SI,2016,13
LOR_LE3P5,SI,2016,15
LOR_LE3P5,SI,2016,14
LOR_LE3P5,SI,2016,15
LOR_LE3P5,SI,2016,16
LOR_LE3P5,SI,2016,17
LOR_LE3P5,SI,2016,18
LOR_LE3P5,SI,2016,21
LOR_LE3P5,TR,2016,989.648
LOR_LE3P5,TR,2016,1018.542
LOR_LE3P5,TR,2016,1016.532
LOR_LE3P5,TR,2016,1094.182
LOR_LE3P5,TR,2016,1074.799
LOR_LE3P5,TR,2016,1093.15
LOR_LE3P5,TR,2016,1369.396
LOR_LE3P5,TR,2016,1481.841
LOR_LE3P5,TR,2016,1668.188
LOR_LE3P5,TR,2016,1754.735
LOR_LE3P5,UK,2016,68303
LOR_LE3P5,UK,2016,72087
LOR_LE3P5,UK,2016,75141
LOR_LE3P5,UK,2016,88932
LOR_LE3P5,UK,2016,80827
CAR,AT,2016,25751
CAR,AT,2016,26052
CAR,AT,2016,21681
CAR,AT,2016,22042.611
CAR,AT,2016,22042.626
CAR,AT,2016,23055.387
CAR,AT,2016,23733.389
CAR,AT,2016,19992.714
CAR,AT,2016,21843.179
CAR,AT,2016,23991.37
CAR,AT,2016,25280.978
CAR,AT,2016,26427
CAR,EE,2016,4050
CAR,FI,2016,23748
CAR,FI,2016,23521
CAR,FI,2016,23262
CAR,FI,2016,22347
CAR,FI,2016,21462
CAR,FI,2016,20422
CAR,FI,2016,20199
CAR,IE,2016,17657
CAR,IE,2016,15526
CAR,IE,2016,15867
CAR,IE,2016,15091
CAR,IE,2016,13972
CAR,IE,2016,12225
CAR,IE,2016,10968
CAR,IE,2016,7487
CAR,IE,2016,8094
CAR,IE,2016,9049
CAR,IE,2016,9085
CAR,NL,2016,65531
CAR,NL,2016,65757
CAR,NL,2016,66412
CAR,NL,2016,67883
CAR,NL,2016,69285
CAR,NL,2016,70645
CAR,NL,2016,72134
CAR,NL,2016,63202
CAR,NL,2016,67180
CAR,NL,2016,69654
CAR,NL,2016,71535
CAR,NL,2016,70906
CAR,NO,2016,14923
CAR,NO,2016,14048
CAR,NO,2016,13416
CAR,NO,2016,12172
CAR,NO,2016,11499
CAR,NO,2016,10721
CAR,NO,2016,9803
CAR,NO,2016,8606
CAR,NO,2016,7995
CAR,NO,2016,7174
CAR,NO,2016,6475
CAR,NO,2016,5943
CAR,UA,2016,2603
CAR,UA,2016,2458
CAR,UA,2016,2580
CAR,UA,2016,2083
CAR,UA,2016,2170
CAR,UA,2016,1835
CAR,UA,2016,1928
LOR_LE3P5,AT,2016,297
LOR_LE3P5,AT,2016,272
LOR_LE3P5,AT,2016,375
LOR_LE3P5,AT,2016,207.427
LOR_LE3P5,AT,2016,213.89
LOR_LE3P5,AT,2016,220.841
LOR_LE3P5,AT,2016,233.397
LOR_LE3P5,AT,2016,237.309
LOR_LE3P5,AT,2016,255.935
LOR_LE3P5,AT,2016,257.962
LOR_LE3P5,AT,2016,260.278
LOR_LE3P5,AT,2016,269
LOR_LE3P5,FI,2016,80
LOR_LE3P5,FI,2016,83
LOR_LE3P5,FI,2016,59
LOR_LE3P5,FI,2016,59
LOR_LE3P5,NL,2016,167
LOR_LE3P5,NL,2016,163
LOR_LE3P5,NL,2016,152
LOR_LE3P5,NL,2016,157
LOR_LE3P5,NL,2016,167
LOR_LE3P5,NL,2016,167
LOR_LE3P5,NL,2016,185
LOR_LE3P5,NL,2016,188
LOR_LE3P5,NL,2016,216
LOR_LE3P5,NL,2016,240
LOR_LE3P5,NL,2016,277
LOR_LE3P5,NL,2016,322
LOR_LE3P5,NO,2016,405
LOR_LE3P5,NO,2016,339
LOR_LE3P5,NO,2016,287
LOR_LE3P5,NO,2016,252
LOR_LE3P5,NO,2016,219
LOR_LE3P5,NO,2016,200
LOR_LE3P5,NO,2016,185
LOR_LE3P5,NO,2016,158
LOR_LE3P5,NO,2016,153
LOR_LE3P5,NO,2016,139
LOR_LE3P5,NO,2016,130
LOR_LE3P5,NO,2016,123
CAR,DK,2016,21718
CAR,DK,2016,21850
CAR,DK,2016,22139
CAR,DK,2016,22659
CAR,DK,2016,23022
CAR,DK,2016,23321
CAR,DK,2016,23671
CAR,DK,2016,21778
CAR,DK,2016,22203
CAR,DK,2016,22167
CAR,DK,2016,21982
CAR,DK,2016,21430
CAR,FR,2016,99423
CAR,FR,2016,99558
CAR,FR,2016,101314
CAR,FR,2016,105154
CAR,FR,2016,112357.792
CAR,FR,2016,121137.056
CAR,IE,2016,17657
CAR,IE,2016,15526
CAR,IE,2016,15867
CAR,IE,2016,15091
CAR,IE,2016,13972
CAR,IE,2016,12225
CAR,IE,2016,10968
CAR,IE,2016,7487
CAR,IE,2016,8094
CAR,IE,2016,9049
CAR,IE,2016,9085
CAR,LT,2016,5192.9
CAR,LT,2016,3558.2
CAR,LT,2016,3377
CAR,LT,2016,3113.8
CAR,LT,2016,3987
CAR,LT,2016,3964.4
CAR,MT,2016,1117.86
CAR,MT,2016,1478.4
CAR,MT,2016,1603.61
CAR,MT,2016,1495.17
CAR,MT,2016,1397.92
CAR,MT,2016,1370.38
CAR,MT,2016,1381.01
CAR,MT,2016,1157.8
CAR,MT,2016,1293.88
CAR,MT,2016,1314.85
CAR,MT,2016,1347.295
CAR,MT,2016,1335.058
CAR,NL,2016,62528
CAR,NL,2016,62591
CAR,NL,2016,63176
CAR,NL,2016,64534
CAR,NL,2016,65838
CAR,NL,2016,67058
CAR,NL,2016,68435
CAR,NL,2016,60906
CAR,NL,2016,64872
CAR,NL,2016,66319
CAR,NL,2016,67875
CAR,NL,2016,67329
CAR,NO,2016,14774
CAR,NO,2016,13908
CAR,NO,2016,13282
CAR,NO,2016,12050
CAR,NO,2016,11384
CAR,NO,2016,10614
CAR,NO,2016,9705
CAR,NO,2016,8520
CAR,NO,2016,7915
CAR,NO,2016,7102
CAR,NO,2016,6410
CAR,NO,2016,5884
CAR,SI,2016,6279
CAR,SI,2016,6059
CAR,SI,2016,5966
CAR,SI,2016,5871
CAR,SI,2016,5792
CAR,SI,2016,4772
CAR,SI,2016,4756
CAR,SI,2016,5156
CAR,SI,2016,5515
CAR,SI,2016,5657
CAR,UA,2016,2688
LOR_LE3P5,DK,2016,623
LOR_LE3P5,DK,2016,570
LOR_LE3P5,DK,2016,534
LOR_LE3P5,DK,2016,517
LOR_LE3P5,DK,2016,496
LOR_LE3P5,DK,2016,453
LOR_LE3P5,DK,2016,419
LOR_LE3P5,DK,2016,380
LOR_LE3P5,DK,2016,401
LOR_LE3P5,DK,2016,427
LOR_LE3P5,DK,2016,427
LOR_LE3P5,DK,2016,442
LOR_LE3P5,LT,2016,3.6
LOR_LE3P5,LT,2016,1
LOR_LE3P5,LT,2016,1.5
LOR_LE3P5,LT,2016,3.5
LOR_LE3P5,LT,2016,1
LOR_LE3P5,LT,2016,0.3
LOR_LE3P5,LT,2016,0.2
LOR_LE3P5,LT,2016,1.4
LOR_LE3P5,LT,2016,0
LOR_LE3P5,LT,2016,0.7
LOR_LE3P5,MT,2016,6.4
LOR_LE3P5,MT,2016,10.3
LOR_LE3P5,MT,2016,13.18
LOR_LE3P5,MT,2016,7.1
LOR_LE3P5,MT,2016,4.36
LOR_LE3P5,MT,2016,5.54
LOR_LE3P5,MT,2016,5.53
LOR_LE3P5,MT,2016,4.4
LOR_LE3P5,MT,2016,6.02
LOR_LE3P5,MT,2016,9.4
LOR_LE3P5,MT,2016,8.68
LOR_LE3P5,MT,2016,12.152
LOR_LE3P5,NL,2016,161
LOR_LE3P5,NL,2016,156
LOR_LE3P5,NL,2016,146
LOR_LE3P5,NL,2016,150
LOR_LE3P5,NL,2016,160
LOR_LE3P5,NL,2016,161
LOR_LE3P5,NL,2016,177
LOR_LE3P5,NL,2016,180
LOR_LE3P5,NL,2016,207
LOR_LE3P5,NL,2016,231
LOR_LE3P5,NL,2016,266
LOR_LE3P5,NL,2016,309
LOR_LE3P5,NO,2016,401
LOR_LE3P5,NO,2016,336
LOR_LE3P5,NO,2016,284
LOR_LE3P5,NO,2016,249
LOR_LE3P5,NO,2016,217
LOR_LE3P5,NO,2016,198
LOR_LE3P5,NO,2016,183
LOR_LE3P5,NO,2016,156
LOR_LE3P5,NO,2016,151
LOR_LE3P5,NO,2016,138
LOR_LE3P5,NO,2016,129
LOR_LE3P5,NO,2016,122
LOR_LE3P5,SI,2016,45
LOR_LE3P5,SI,2016,41
LOR_LE3P5,SI,2016,38
LOR_LE3P5,SI,2016,36
LOR_LE3P5,SI,2016,39
LOR_LE3P5,SI,2016,35
LOR_LE3P5,SI,2016,39
LOR_LE3P5,SI,2016,40
LOR_LE3P5,SI,2016,39
LOR_LE3P5,SI,2016,38
CAR,BE,2016,17582
CAR,BE,2016,18133
CAR,BE,2016,19327
CAR,BE,2016,20894
CAR,BE,2016,22911
CAR,CZ,2016,30471.31
CAR,CZ,2016,29940.957
CAR,CZ,2016,31642.7
CAR,DE,2016,325767
CAR,DE,2016,318565
CAR,DE,2016,315940
CAR,DE,2016,314328
CAR,DE,2016,316520
CAR,DE,2016,320588
CAR,DE,2016,322091
CAR,DE,2016,319536
CAR,DE,2016,306429
CAR,DE,2016,292927
CAR,DE,2016,287040
CAR,DE,2016,283219
CAR,EE,2016,2472
CAR,FI,2016,23521
CAR,FI,2016,23262
CAR,FI,2016,22347
CAR,FI,2016,21462
CAR,FI,2016,20422
CAR,FI,2016,22952
CAR,FR,2016,107511.914
CAR,FR,2016,107442.754
CAR,FR,2016,109715.01
CAR,FR,2016,114446.654
CAR,FR,2016,118113.665
CAR,FR,2016,126501.814
CAR,FR,2016,138053.372
CAR,FR,2016,117378.757
CAR,FR,2016,140816.13
CAR,FR,2016,162812.033
CAR,FR,2016,169487.477
CAR,FR,2016,177783.266
CAR,HR,2016,8025
CAR,HR,2016,7803
CAR,HR,2016,7629
CAR,HR,2016,7367
CAR,HR,2016,7250
CAR,HR,2016,6755
CAR,HR,2016,6385
CAR,HR,2016,6657
CAR,HR,2016,7159
CAR,HR,2016,7707
CAR,HR,2016,8330
CAR,IE,2016,17657
CAR,IE,2016,15864
CAR,IE,2016,15867
CAR,IE,2016,15091
CAR,IE,2016,13972
CAR,IE,2016,12225
CAR,IE,2016,10968
CAR,IE,2016,7487
CAR,IE,2016,8094
CAR,IE,2016,9050
CAR,IE,2016,9085
CAR,IS,2016,1015
CAR,IS,2016,1003
CAR,IS,2016,790
CAR,IS,2016,849
CAR,LT,2016,5429
CAR,LT,2016,3679.9
CAR,LT,2016,3377
CAR,LT,2016,3113.8
CAR,LT,2016,3987
CAR,LT,2016,3964.4
CAR,LV,2016,3609.6
CAR,LV,2016,2880.5
CAR,LV,2016,2892.9
CAR,LV,2016,2772.44
CAR,LV,2016,2826.2
CAR,LV,2016,2758.7
CAR,LV,2016,2815.1
CAR,LV,2016,2409.6
CAR,LV,2016,2058.5
CAR,LV,2016,1920.1
CAR,LV,2016,2005.9
CAR,LV,2016,2088.1
CAR,MT,2016,1115.5
CAR,MT,2016,1573.52
CAR,MT,2016,1344.8
CAR,MT,2016,1571.65
CAR,MT,2016,1573.5
CAR,MT,2016,1505.8
CAR,MT,2016,1392.38
CAR,MT,2016,1166.3
CAR,MT,2016,1336.6
CAR,MT,2016,1365.556
CAR,MT,2016,1417.806
CAR,MT,2016,1440.809
CAR,NL,2016,74876
CAR,NL,2016,75711
CAR,NL,2016,77631
CAR,NL,2016,80284
CAR,NL,2016,82430
CAR,NL,2016,84311
CAR,NL,2016,87812
CAR,NL,2016,75925
CAR,NL,2016,83633
CAR,NL,2016,93749
CAR,NL,2016,101612
CAR,NL,2016,106834
CAR,NO,2016,14923
CAR,NO,2016,14048
CAR,NO,2016,13416
CAR,NO,2016,13203
CAR,NO,2016,13229
CAR,NO,2016,13317
CAR,NO,2016,12840
CAR,NO,2016,12085
CAR,NO,2016,12147
CAR,NO,2016,11726
CAR,NO,2016,11303
CAR,NO,2016,10886
CAR,SE,2016,37077
CAR,SE,2016,35590
CAR,SE,2016,34417
CAR,SE,2016,33665
CAR,SE,2016,32662
CAR,SE,2016,31963
CAR,SE,2016,31173
CAR,SE,2016,29486.359
CAR,SE,2016,30863.587
CAR,SE,2016,31575.308
CAR,SE,2016,31787.588
CAR,SE,2016,32326.043
CAR,SI,2016,6352
CAR,SI,2016,6144
CAR,SI,2016,6067
CAR,SI,2016,5998
CAR,SI,2016,5949
CAR,SI,2016,4934
CAR,SI,2016,5211
CAR,SI,2016,5766
CAR,SI,2016,6333
CAR,SI,2016,6699
CAR,TR,2016,28042.361
CAR,TR,2016,29211.277
CAR,TR,2016,30272.746
CAR,TR,2016,29531.17
CAR,TR,2016,29904.804
CAR,TR,2016,29506.776
CAR,TR,2016,35331.278
CAR,TR,2016,45690.254
CAR,TR,2016,53292.293
CAR,TR,2016,67034.856
LOR_LE3P5,BE,2016,153
LOR_LE3P5,BE,2016,165
LOR_LE3P5,BE,2016,184
LOR_LE3P5,BE,2016,215
LOR_LE3P5,BE,2016,244
LOR_LE3P5,CZ,2016,657.374
LOR_LE3P5,CZ,2016,605.281
LOR_LE3P5,CZ,2016,554.27
LOR_LE3P5,DE,2016,1543
LOR_LE3P5,DE,2016,1565
LOR_LE3P5,DE,2016,1418
LOR_LE3P5,DE,2016,1391
LOR_LE3P5,DE,2016,1338
LOR_LE3P5,DE,2016,1345
LOR_LE3P5,DE,2016,1454
LOR_LE3P5,DE,2016,1552
LOR_LE3P5,DE,2016,1742
LOR_LE3P5,DE,2016,1729
LOR_LE3P5,DE,2016,1817
LOR_LE3P5,DE,2016,1983
LOR_LE3P5,FI,2016,69
LOR_LE3P5,FR,2016,999.352
LOR_LE3P5,FR,2016,936.181
LOR_LE3P5,FR,2016,879.753
LOR_LE3P5,FR,2016,834.513
LOR_LE3P5,FR,2016,752.913
LOR_LE3P5,FR,2016,755.71
LOR_LE3P5,FR,2016,760.657
LOR_LE3P5,FR,2016,696.977
LOR_LE3P5,FR,2016,790.306
LOR_LE3P5,FR,2016,890.801
LOR_LE3P5,FR,2016,1023.186
LOR_LE3P5,FR,2016,1225.951
LOR_LE3P5,HR,2016,59
LOR_LE3P5,HR,2016,58
LOR_LE3P5,HR,2016,57
LOR_LE3P5,HR,2016,63
LOR_LE3P5,HR,2016,68
LOR_LE3P5,HR,2016,61
LOR_LE3P5,IS,2016,35
LOR_LE3P5,IS,2016,28
LOR_LE3P5,IS,2016,26
LOR_LE3P5,IS,2016,29
LOR_LE3P5,LT,2016,3.6
LOR_LE3P5,LT,2016,1.1
LOR_LE3P5,LT,2016,0
LOR_LE3P5,LT,2016,3.5
LOR_LE3P5,LT,2016,1
LOR_LE3P5,LT,2016,0.3
LOR_LE3P5,LT,2016,0.3
LOR_LE3P5,LT,2016,1.5
LOR_LE3P5,LT,2016,0
LOR_LE3P5,LT,2016,0.7
LOR_LE3P5,LV,2016,57.1
LOR_LE3P5,LV,2016,35.4
LOR_LE3P5,LV,2016,35.4
LOR_LE3P5,LV,2016,34.6
LOR_LE3P5,LV,2016,29.9
LOR_LE3P5,LV,2016,27.3
LOR_LE3P5,LV,2016,24.5
LOR_LE3P5,LV,2016,26.6
LOR_LE3P5,LV,2016,19.4
LOR_LE3P5,LV,2016,20.1
LOR_LE3P5,LV,2016,22
LOR_LE3P5,LV,2016,22.7
LOR_LE3P5,MT,2016,6.23
LOR_LE3P5,MT,2016,9.26
LOR_LE3P5,MT,2016,7.01
LOR_LE3P5,MT,2016,6.98
LOR_LE3P5,MT,2016,5.33
LOR_LE3P5,MT,2016,5.79
LOR_LE3P5,MT,2016,5.53
LOR_LE3P5,MT,2016,4.4
LOR_LE3P5,MT,2016,6.02
LOR_LE3P5,MT,2016,9.397
LOR_LE3P5,MT,2016,8.68
LOR_LE3P5,MT,2016,12.152
LOR_LE3P5,NL,2016,167
LOR_LE3P5,NL,2016,163
LOR_LE3P5,NL,2016,152
LOR_LE3P5,NL,2016,157
LOR_LE3P5,NL,2016,167
LOR_LE3P5,NL,2016,168
LOR_LE3P5,NL,2016,185
LOR_LE3P5,NL,2016,188
LOR_LE3P5,NL,2016,215
LOR_LE3P5,NL,2016,240
LOR_LE3P5,NL,2016,277
LOR_LE3P5,NL,2016,322
LOR_LE3P5,NO,2016,405
LOR_LE3P5,NO,2016,339
LOR_LE3P5,NO,2016,287
LOR_LE3P5,NO,2016,252
LOR_LE3P5,NO,2016,219
LOR_LE3P5,NO,2016,200
LOR_LE3P5,NO,2016,185
LOR_LE3P5,NO,2016,158
LOR_LE3P5,NO,2016,153
LOR_LE3P5,NO,2016,139
LOR_LE3P5,NO,2016,130
LOR_LE3P5,NO,2016,123
LOR_LE3P5,SE,2016,645
LOR_LE3P5,SE,2016,575
LOR_LE3P5,SE,2016,515
LOR_LE3P5,SE,2016,468
LOR_LE3P5,SE,2016,423
LOR_LE3P5,SE,2016,388
LOR_LE3P5,SE,2016,363
LOR_LE3P5,SE,2016,353.97
LOR_LE3P5,SE,2016,349.814
LOR_LE3P5,SE,2016,325.932
LOR_LE3P5,SE,2016,316.37
LOR_LE3P5,SE,2016,306.672
LOR_LE3P5,SI,2016,70
LOR_LE3P5,SI,2016,53
LOR_LE3P5,SI,2016,51
LOR_LE3P5,SI,2016,50
LOR_LE3P5,SI,2016,49
LOR_LE3P5,SI,2016,45
LOR_LE3P5,SI,2016,44
LOR_LE3P5,SI,2016,46
LOR_LE3P5,SI,2016,45
LOR_LE3P5,SI,2016,44
LOR_LE3P5,TR,2016,636.367
LOR_LE3P5,TR,2016,617.848
LOR_LE3P5,TR,2016,503.931
LOR_LE3P5,TR,2016,608.048
LOR_LE3P5,TR,2016,525.99
LOR_LE3P5,TR,2016,521.286
LOR_LE3P5,TR,2016,614.201
LOR_LE3P5,TR,2016,556.691
LOR_LE3P5,TR,2016,614.446
LOR_LE3P5,TR,2016,883.328
BIKE,CH,2016,2309
BIKE,CH,2016,2381
BIKE,CH,2016,2453
BIKE,CH,2016,2488
BIKE,CH,2016,2526
BIKE,CH,2016,2555
BIKE,CH,2016,2584
BIKE,CH,2016,2841
BIKE,CH,2016,2647
BIKE,CH,2016,2919
BIKE,CH,2016,2861
BIKE,CH,2016,2848
BIKE,EE,2016,
BIKE,ES,2016,0
BIKE,HU,2016,732.08
BIKE,HU,2016,677
BIKE,HU,2016,715.18
BIKE,HU,2016,729.66
BIKE,HU,2016,788.69
BIKE,HU,2016,818.2
BIKE,HU,2016,862.49
BIKE,HU,2016,788.2
BIKE,HU,2016,811.64
BIKE,HU,2016,856.17
BIKE,HU,2016,851.58
BIKE,HU,2016,853.52
BIKE,IS,2016,1820
BIKE,IS,2016,1891
BIKE,IS,2016,1969
BIKE,IS,2016,1882
BIKE,NO,2016,943
BIKE,NO,2016,1114
BIKE,NO,2016,1128
BIKE,NO,2016,1138
BIKE,NO,2016,1145
BIKE,NO,2016,1155
BIKE,NO,2016,1580
BIKE,NO,2016,1600
BIKE,NO,2016,1605.782
BIKE,NO,2016,1629
BIKE,NO,2016,1609
BIKE,NO,2016,1563
BIKE,UK,2016,5036
BIKE,UK,2016,5225
BIKE,UK,2016,5227
BIKE,UK,2016,5227
BIKE,UK,2017,5556
BIKE,UK,2017,8092
BIKE,UK,2017,6757
BIKE,UK,2017,6273
BIKE,UK,2017,5814
BUS,AT,2017,86
BUS,AT,2017,87
BUS,AT,2017,87
BUS,AT,2017,397.719
BUS,AT,2017,408.931
BUS,AT,2017,390.934
BUS,AT,2017,99.795
BUS,AT,2017,100.144
BUS,AT,2017,107.491
BUS,AT,2017,124.83
BUS,AT,2017,117.004
BUS,AT,2017,134
BUS,BE,2017,360
BUS,BE,2017,358
BUS,BE,2017,360
BUS,BE,2017,359
BUS,BE,2017,329
BUS,BG,2017,423.7
BUS,BG,2017,440.6
BUS,BG,2017,471.1
BUS,BG,2017,432
BUS,BG,2017,510
BUS,BG,2017,413.5
BUS,BG,2017,306.5
BUS,BG,2017,322.6
BUS,BG,2017,314.7
BUS,BG,2017,342.1
BUS,BG,2017,377
BUS,CH,2017,262
BUS,CH,2017,267
BUS,CH,2017,272
BUS,CH,2017,281
BUS,CH,2017,281
BUS,CH,2017,291
BUS,CH,2017,300
BUS,CH,2017,294
BUS,CH,2017,311
BUS,CH,2017,321
BUS,CH,2017,328
BUS,CH,2017,337
BUS,EE,2017,145
BUS,NL,2017,503
BUS,NL,2017,485
BUS,NL,2017,481
BUS,NL,2017,464
BUS,NL,2017,496
BUS,NL,2017,471
BUS,NL,2017,466
BUS,NL,2017,436
BUS,NL,2017,422
BUS,NL,2017,399
BUS,NL,2017,382
BUS,NL,2017,406
BUS,NO,2017,342
BUS,NO,2017,332
BUS,NO,2017,327
BUS,NO,2017,339
BUS,NO,2017,343
BUS,NO,2017,353
BUS,NO,2017,363
BUS,NO,2017,365
BUS,NO,2017,439
BUS,NO,2017,454
BUS,NO,2017,470
BUS,NO,2017,474
BUS,RO,2017,2271
BUS,RO,2017,2538
BUS,RO,2017,2861
BUS,RO,2017,2994
BUS,RO,2017,3138
BUS,RO,2017,3295
BUS,RO,2017,3467
BUS,RO,2017,3655
BUS,RO,2017,3863
BUS,RO,2017,4092
BUS,RO,2017,4625
BUS,SI,2017,18
BUS,SI,2017,18
BUS,SI,2017,18
BUS,SI,2017,18
BUS,SI,2017,18
BUS,SI,2017,13
BUS,SI,2017,17
BUS,SI,2017,18
BUS,SI,2017,20
BUS,SI,2017,24
BUS,UA,2017,1374
BUS,UA,2017,814
BUS,UA,2017,916
BUS_MCO_MIN,BE,2017,134
BUS_MCO_MIN,BE,2017,156
BUS_MCO_MIN,BE,2017,159
BUS_MCO_MIN,BE,2017,135
BUS_MCO_MIN,BE,2017,175
BUS_MCO_MIN,NO,2017,153
BUS_MCO_MIN,NO,2017,144
BUS_MCO_MIN,NO,2017,136
BUS_MCO_MIN,NO,2017,127
BUS_MCO_MIN,NO,2017,125
BUS_MCO_MIN,NO,2017,126
BUS_MCO_MIN,NO,2017,118
BUS_MCO_MIN,NO,2017,101
BUS_MCO_MIN,NO,2017,4
BUS_MCO_MIN,NO,2017,4
BUS_MCO_MIN,RO,2017,
BUS_MCO_MIN,SI,2017,10
BUS_MCO_MIN,SI,2017,10
BUS_MCO_MIN,SI,2017,8
BUS_MCO_MIN,SI,2017,8
BUS_MCO_MIN,SI,2017,8
BUS_MCO_MIN,SI,2017,4
BUS_MCO_TRO,AT,2017,507
BUS_MCO_TRO,AT,2017,520
BUS_MCO_TRO,AT,2017,527
BUS_MCO_TRO,AT,2017,505.521
BUS_MCO_TRO,AT,2017,519.723
BUS_MCO_TRO,AT,2017,492.154
BUS_MCO_TRO,AT,2017,485.057
BUS_MCO_TRO,AT,2017,397.522
BUS_MCO_TRO,AT,2017,411.429
BUS_MCO_TRO,AT,2017,496.312
BUS_MCO_TRO,AT,2017,516.571
BUS_MCO_TRO,AT,2017,561
BUS_MCO_TRO,BE,2017,633
BUS_MCO_TRO,BE,2017,646
BUS_MCO_TRO,BE,2017,659
BUS_MCO_TRO,BE,2017,614
BUS_MCO_TRO,BE,2017,615
BUS_MCO_TRO,BG,2017,449
BUS_MCO_TRO,BG,2017,439.9
BUS_MCO_TRO,BG,2017,455.8
BUS_MCO_TRO,BG,2017,485.8
BUS_MCO_TRO,BG,2017,446.7
BUS_MCO_TRO,BG,2017,524.1
BUS_MCO_TRO,BG,2017,427.6
BUS_MCO_TRO,BG,2017,320.2
BUS_MCO_TRO,BG,2017,337.1
BUS_MCO_TRO,BG,2017,326.8
BUS_MCO_TRO,BG,2017,353.3
BUS_MCO_TRO,BG,2017,388.5
BUS_MCO_TRO,CH,2017,415
BUS_MCO_TRO,CH,2017,421
BUS_MCO_TRO,CH,2017,431
BUS_MCO_TRO,CH,2017,441
BUS_MCO_TRO,CH,2017,445
BUS_MCO_TRO,CH,2017,458
BUS_MCO_TRO,CH,2017,469
BUS_MCO_TRO,CH,2017,452
BUS_MCO_TRO,CH,2017,480
BUS_MCO_TRO,CH,2017,495
BUS_MCO_TRO,CH,2017,509
BUS_MCO_TRO,CH,2017,522
BUS_MCO_TRO,EE,2017,145
BUS_MCO_TRO,EE,2017,161
BUS_MCO_TRO,EE,2017,175
BUS_MCO_TRO,EE,2017,206.4
BUS_MCO_TRO,EE,2017,237.8
BUS_MCO_TRO,EE,2017,235.1
BUS_MCO_TRO,EE,2017,221.5
BUS_MCO_TRO,EE,2017,216.3
BUS_MCO_TRO,EE,2017,231.4
BUS_MCO_TRO,EE,2017,239.8
BUS_MCO_TRO,EE,2017,244.8
BUS_MCO_TRO,ES,2017,2250
BUS_MCO_TRO,ES,2017,1715
BUS_MCO_TRO,ES,2017,2023
BUS_MCO_TRO,ES,2017,2028
BUS_MCO_TRO,ES,2017,1292
BUS_MCO_TRO,ES,2017,1334
BUS_MCO_TRO,ES,2017,1369
BUS_MCO_TRO,ES,2017,903
BUS_MCO_TRO,ES,2017,1157
BUS_MCO_TRO,ES,2017,1328
BUS_MCO_TRO,ES,2017,1514
BUS_MCO_TRO,ES,2017,1627
BUS_MCO_TRO,FI,2017,580
BUS_MCO_TRO,FI,2017,580
BUS_MCO_TRO,FI,2017,580
BUS_MCO_TRO,FI,2017,635
BUS_MCO_TRO,FI,2017,630
BUS_MCO_TRO,FI,2017,614
BUS_MCO_TRO,FI,2017,601
BUS_MCO_TRO,FI,2017,523
BUS_MCO_TRO,FI,2017,461
BUS_MCO_TRO,FI,2017,522
BUS_MCO_TRO,FI,2017,559
BUS_MCO_TRO,FI,2017,564
BUS_MCO_TRO,FR,2017,3187
BUS_MCO_TRO,FR,2017,3234
BUS_MCO_TRO,FR,2017,3259
BUS_MCO_TRO,FR,2017,3308
BUS_MCO_TRO,FR,2017,3173.003
BUS_MCO_TRO,FR,2017,3000.357
BUS_MCO_TRO,FR,2017,3270.326
BUS_MCO_TRO,FR,2017,2348.903
BUS_MCO_TRO,FR,2017,2791.157
BUS_MCO_TRO,FR,2017,3065.5
BUS_MCO_TRO,FR,2017,3259.367
BUS_MCO_TRO,FR,2017,3314.527
BUS_MCO_TRO,HR,2017,300
BUS_MCO_TRO,HR,2017,290
BUS_MCO_TRO,HR,2017,300
BUS_MCO_TRO,HR,2017,305
BUS_MCO_TRO,HR,2017,320
BUS_MCO_TRO,HR,2017,320
BUS_MCO_TRO,HR,2017,330
BUS_MCO_TRO,HR,2017,210
BUS_MCO_TRO,HR,2017,240
BUS_MCO_TRO,HR,2017,270
BUS_MCO_TRO,HR,2017,290
BUS_MCO_TRO,HR,2017,300
BUS_MCO_TRO,HU,2017,663.3
BUS_MCO_TRO,HU,2017,683
BUS_MCO_TRO,HU,2017,668.79
BUS_MCO_TRO,HU,2017,688.71
BUS_MCO_TRO,HU,2017,718.54
BUS_MCO_TRO,HU,2017,730.73
BUS_MCO_TRO,HU,2017,734.53
BUS_MCO_TRO,HU,2017,632.93
BUS_MCO_TRO,HU,2017,664.79
BUS_MCO_TRO,HU,2017,685.48
BUS_MCO_TRO,HU,2017,689.73
BUS_MCO_TRO,HU,2017,676.47
BUS_MCO_TRO,IE,2017,299
BUS_MCO_TRO,IE,2017,375
BUS_MCO_TRO,IE,2017,313
BUS_MCO_TRO,IE,2017,329
BUS_MCO_TRO,IE,2017,361
BUS_MCO_TRO,IE,2017,386
BUS_MCO_TRO,IE,2017,392
BUS_MCO_TRO,IE,2017,271
BUS_MCO_TRO,IE,2017,260
BUS_MCO_TRO,IE,2017,329
BUS_MCO_TRO,IE,2017,419
BUS_MCO_TRO,IT,2017,18752
BUS_MCO_TRO,NL,2017,642
BUS_MCO_TRO,NL,2017,624
BUS_MCO_TRO,NL,2017,625
BUS_MCO_TRO,NL,2017,611
BUS_MCO_TRO,NL,2017,655
BUS_MCO_TRO,NL,2017,632
BUS_MCO_TRO,NL,2017,615
BUS_MCO_TRO,NL,2017,494
BUS_MCO_TRO,NL,2017,486
BUS_MCO_TRO,NL,2017,490
BUS_MCO_TRO,NL,2017,482
BUS_MCO_TRO,NL,2017,518
BUS_MCO_TRO,NO,2017,583
BUS_MCO_TRO,NO,2017,572
BUS_MCO_TRO,NO,2017,564
BUS_MCO_TRO,NO,2017,568
BUS_MCO_TRO,NO,2017,573
BUS_MCO_TRO,NO,2017,580
BUS_MCO_TRO,NO,2017,583
BUS_MCO_TRO,NO,2017,551
BUS_MCO_TRO,NO,2017,501
BUS_MCO_TRO,NO,2017,541
BUS_MCO_TRO,NO,2017,564
BUS_MCO_TRO,NO,2017,577
BUS_MCO_TRO,PL,2017,2011
BUS_MCO_TRO,PL,2017,1914
BUS_MCO_TRO,PL,2017,1851
BUS_MCO_TRO,RO,2017,2271
BUS_MCO_TRO,RO,2017,2538
BUS_MCO_TRO,RO,2017,2861
BUS_MCO_TRO,RO,2017,2994
BUS_MCO_TRO,RO,2017,3138
BUS_MCO_TRO,RO,2017,3295
BUS_MCO_TRO,RO,2017,3467
BUS_MCO_TRO,RO,2017,3655
BUS_MCO_TRO,RO,2017,3863
BUS_MCO_TRO,RO,2017,4092
BUS_MCO_TRO,RO,2017,4345
BUS_MCO_TRO,RO,2017,4625
BUS_MCO_TRO,SE,2017,971
BUS_MCO_TRO,SE,2017,970
BUS_MCO_TRO,SE,2017,983
BUS_MCO_TRO,SE,2017,986
BUS_MCO_TRO,SE,2017,998
BUS_MCO_TRO,SE,2017,999
BUS_MCO_TRO,SE,2017,1006
BUS_MCO_TRO,SE,2017,899
BUS_MCO_TRO,SE,2017,888
BUS_MCO_TRO,SE,2017,937
BUS_MCO_TRO,SE,2017,961
BUS_MCO_TRO,SE,2017,969
BUS_MCO_TRO,SI,2017,131
BUS_MCO_TRO,SI,2017,133
BUS_MCO_TRO,SI,2017,136
BUS_MCO_TRO,SI,2017,138
BUS_MCO_TRO,SI,2017,141
BUS_MCO_TRO,SI,2017,68
BUS_MCO_TRO,SI,2017,89
BUS_MCO_TRO,SI,2017,104
BUS_MCO_TRO,SI,2017,115
BUS_MCO_TRO,SI,2017,131
BUS_MCO_TRO,UA,2017,2017
BUS_MCO_TRO,UA,2017,2084
BUS_MCO_TRO,UA,2017,2117
BUS_MCO_TRO,UA,2017,1468
BUS_MCO_TRO,UA,2017,1374
BUS_MCO_TRO,UA,2017,814
BUS_MCO_TRO,UA,2017,916
BUS_MCO_TRO,UK,2017,4508
BUS_MCO_TRO,UK,2017,4507
BUS_MCO_TRO,UK,2017,4304
BUS_MCO_TRO,UK,2017,4304
BUS_MCO_TRO,UK,2017,3886
BUS_MCO_TRO,UK,2017,2641
BUS_MCO_TRO,UK,2017,2907
BUS_MCO_TRO,UK,2017,3325
BUS_MCO_TRO,UK,2017,3088
BUS_TRO,BE,2017,0
BUS_TRO,BE,2017,0
BUS_TRO,BE,2017,0
BUS_TRO,BE,2017,0
BUS_TRO,BE,2017,0
BUS_TRO,BG,2017,16.2
BUS_TRO,BG,2017,15.2
BUS_TRO,BG,2017,14.8
BUS_TRO,BG,2017,14.7
BUS_TRO,BG,2017,14.1
BUS_TRO,BG,2017,14.1
BUS_TRO,BG,2017,13.7
BUS_TRO,BG,2017,14.5
BUS_TRO,BG,2017,12.1
BUS_TRO,BG,2017,11.2
BUS_TRO,BG,2017,11.5
BUS_TRO,CH,2017,28
BUS_TRO,CH,2017,27
BUS_TRO,CH,2017,27
BUS_TRO,CH,2017,27
BUS_TRO,CH,2017,28
BUS_TRO,CH,2017,28
BUS_TRO,CH,2017,27
BUS_TRO,CH,2017,27
BUS_TRO,CH,2017,29
BUS_TRO,CH,2017,30
BUS_TRO,CH,2017,32
BUS_TRO,CH,2017,32
BUS_TRO,CY,2017,
BUS_TRO,EE,2017,1.747
BUS_TRO,HR,2017,
BUS_TRO,HR,2017,
BUS_TRO,HR,2017,
BUS_TRO,HR,2017,
BUS_TRO,HR,2017,
BUS_TRO,HR,2017,
BUS_TRO,HR,2017,
BUS_TRO,HR,2017,
BUS_TRO,NO,2017,
BUS_TRO,SI,2017,0
BUS_TRO,SI,2017,0
BUS_TRO,SI,2017,0
BUS_TRO,SI,2017,0
BUS_TRO,SI,2017,0
BUS_TRO,SI,2017,0
BUS_TRO,SI,2017,0
BUS_TRO,SI,2017,0
BUS_TRO,SI,2017,0
BUS_TRO,SI,2017,0
CAR,AT,2017,64542
CAR,AT,2017,66229
CAR,AT,2017,67951
CAR,AT,2017,69921.238
CAR,AT,2017,71249.79
CAR,AT,2017,72603.536
CAR,AT,2017,73256.968
CAR,AT,2017,60510.256
CAR,AT,2017,65169.545
CAR,AT,2017,69848.719
CAR,AT,2017,71452.112
CAR,AT,2017,72769
CAR,BE,2017,77157
CAR,BE,2017,77975
CAR,BE,2017,78670
CAR,BE,2017,79385
CAR,BE,2017,80076
CAR,CH,2017,54695
CAR,CH,2017,55641
CAR,CH,2017,56620
CAR,CH,2017,57737
CAR,CH,2017,58735
CAR,CH,2017,59344
CAR,CH,2017,59833
CAR,CH,2017,48400
CAR,CH,2017,51385
CAR,CH,2017,54982
CAR,CH,2017,56576
CAR,CH,2017,57045
CAR,EE,2017,7764
CAR,EE,2017,8211.9
CAR,EE,2017,8476
CAR,EE,2017,8670.2
CAR,EE,2017,8876.1
CAR,EE,2017,8924.1
CAR,EE,2017,9397.2
CAR,EE,2017,9263.3
CAR,EE,2017,9393.4
CAR,EE,2017,9705.4
CAR,EE,2017,10026.4
CAR,ES,2017,195624
CAR,ES,2017,197373
CAR,ES,2017,204203
CAR,ES,2017,196467
CAR,ES,2017,198262
CAR,ES,2017,202954
CAR,ES,2017,203817
CAR,ES,2017,158247
CAR,ES,2017,189940
CAR,ES,2017,204527
CAR,ES,2017,206577
CAR,ES,2017,209244
CAR,FI,2017,46510
CAR,FI,2017,46800
CAR,FI,2017,47355
CAR,FI,2017,40719
CAR,FI,2017,40614
CAR,FI,2017,40718
CAR,FI,2017,40718
CAR,FI,2017,39092
CAR,FI,2017,38771
CAR,FI,2017,38385
CAR,FI,2017,38592
CAR,FI,2017,38619
CAR,FR,2017,505459.504
CAR,FR,2017,405826.876
CAR,FR,2017,447629.27
CAR,FR,2017,490306.272
CAR,FR,2017,483445.212
CAR,FR,2017,484465.541
CAR,HR,2017,18000
CAR,HR,2017,18295
CAR,HR,2017,18850
CAR,HR,2017,19360
CAR,HR,2017,19905
CAR,HR,2017,20310
CAR,HR,2017,20840
CAR,HR,2017,16810
CAR,HR,2017,19780
CAR,HR,2017,20880
CAR,HR,2017,21860
CAR,HR,2017,22680
CAR,HU,2017,24379.28
CAR,HU,2017,25435
CAR,HU,2017,26707.2
CAR,HU,2017,28333.49
CAR,HU,2017,30245.27
CAR,HU,2017,31577.99
CAR,HU,2017,32935.96
CAR,HU,2017,28903.22
CAR,HU,2017,32284.47
CAR,HU,2017,34718.25
CAR,HU,2017,34891.69
CAR,HU,2017,43098.61
CAR,IE,2017,32094
CAR,IE,2017,32324
CAR,IE,2017,35874
CAR,IE,2017,37488
CAR,IE,2017,38039
CAR,IE,2017,36817
CAR,IE,2017,36300
CAR,IE,2017,26654
CAR,IE,2017,30677
CAR,IE,2017,35583
CAR,IE,2017,35820
CAR,IT,2017,63605
CAR,MK,2017,3121.182
CAR,MK,2017,3343.041
CAR,MK,2017,3454.497
CAR,MK,2017,3554.406
CAR,MK,2017,3629.844
CAR,MK,2017,3735.558
CAR,MK,2017,3834.405
CAR,MK,2017,3862.764
CAR,MK,2017,4300.38
CAR,MK,2017,4351.338
CAR,MK,2017,4975.767
CAR,MK,2017,5221.89
CAR,NL,2017,103211
CAR,NL,2017,103699
CAR,NL,2017,105089
CAR,NL,2017,107708
CAR,NL,2017,108936
CAR,NL,2017,109337
CAR,NL,2017,109087
CAR,NL,2017,91723
CAR,NL,2017,96989
CAR,NL,2017,102680
CAR,NL,2017,107143
CAR,NL,2017,109894
CAR,NO,2017,33931
CAR,NO,2017,33841
CAR,NO,2017,34324
CAR,NO,2017,34848
CAR,NO,2017,35407
CAR,NO,2017,35989
CAR,NO,2017,35504
CAR,NO,2017,33873
CAR,NO,2017,35098
CAR,NO,2017,35310
CAR,NO,2017,35676
CAR,NO,2017,35443
CAR,PL,2017,169719
CAR,PL,2017,175476
CAR,PL,2017,180158
CAR,RO,2017,35763
CAR,RO,2017,37727
CAR,RO,2017,39798
CAR,RO,2017,40948
CAR,RO,2017,42133
CAR,RO,2017,43354
CAR,RO,2017,44613
CAR,RO,2017,45911
CAR,RO,2017,47249
CAR,RO,2017,48628
CAR,RO,2017,50050
CAR,RO,2017,51516
CAR,SE,2017,63327
CAR,SE,2017,64583
CAR,SE,2017,65877
CAR,SE,2017,67417
CAR,SE,2017,68325
CAR,SE,2017,68646
CAR,SE,2017,67888
CAR,SE,2017,62162
CAR,SE,2017,63929
CAR,SE,2017,65387
CAR,SE,2017,65851
CAR,SE,2017,67046
CAR,SI,2017,17986
CAR,SI,2017,17679
CAR,SI,2017,18328
CAR,SI,2017,18749
CAR,SI,2017,19087
CAR,SI,2017,14614
CAR,SI,2017,15424
CAR,SI,2017,16801
CAR,SI,2017,17715
CAR,SI,2017,18206
CAR,UA,2017,3813
CAR,UA,2017,3805
CAR,UA,2017,4174
CAR,UA,2017,3703
CAR,UA,2017,3834
CAR,UA,2017,3382
CAR,UA,2017,3731
CAR,UK,2017,386192
CAR,UK,2017,393376
CAR,UK,2017,398626
CAR,UK,2017,398626
CAR,UK,2017,447769
CAR,UK,2017,337240
CAR,UK,2017,356243
CAR,UK,2017,392670
CAR,UK,2017,404428
LOR,AT,2017,11442
LOR,AT,2017,11739
LOR,AT,2017,12043
LOR,AT,2017,12207.736
LOR,AT,2017,12520.355
LOR,AT,2017,12836.442
LOR,AT,2017,13087.189
LOR,AT,2017,12929.306
LOR,AT,2017,14001.173
LOR,AT,2017,14107.953
LOR,AT,2017,13931.057
LOR,AT,2017,13709
LOR,BE,2017,13611
LOR,BE,2017,14117
LOR,BE,2017,14481
LOR,BE,2017,14528
LOR,BE,2017,14541
LOR,BG,2017,595.6
LOR,BG,2017,598.1
LOR,BG,2017,556.3
LOR,BG,2017,510.5
LOR,BG,2017,422.8
LOR,BG,2017,460
LOR,BG,2017,387.6
LOR,BG,2017,303.2
LOR,EE,2017,1203
LOR,EE,2017,1060.8
LOR,EE,2017,1281
LOR,EE,2017,1462.6
LOR,EE,2017,1643.3
LOR,EE,2017,1981.9
LOR,EE,2017,1993.7
LOR,EE,2017,1720.3
LOR,EE,2017,1885.6
LOR,EE,2017,1695.9
LOR,EE,2017,1649.8
LOR,ES,2017,20589
LOR,ES,2017,23397
LOR,ES,2017,23142
LOR,ES,2017,24458
LOR,ES,2017,24733
LOR,ES,2017,25122
LOR,ES,2017,22410
LOR,ES,2017,25517
LOR,ES,2018,25876
LOR,ES,2018,28448
LOR,ES,2018,26964
LOR,FI,2018,7080
LOR,FI,2018,7200
LOR,FI,2018,7210
LOR,FI,2018,9007
LOR,FI,2018,8982
LOR,FI,2018,9104
LOR,FI,2018,9068
LOR,FI,2018,8411
LOR,FI,2018,8542
LOR,FI,2018,8249
LOR,FI,2018,8111
LOR,FI,2018,8062
LOR,HU,2018,9873.44
LOR,HU,2018,7748
LOR,HU,2018,8032.65
LOR,HU,2018,8193.15
LOR,HU,2018,8594.36
LOR,HU,2018,8868.07
LOR,HU,2018,9067.28
LOR,HU,2018,8027.007
LOR,HU,2018,9044.56
LOR,HU,2018,9348.48
LOR,HU,2018,8993.67
LOR,HU,2018,2043.71
LOR,IE,2018,6320
LOR,IE,2018,6999
LOR,IE,2018,7021
LOR,IE,2018,7410
LOR,IE,2018,7785
LOR,IE,2018,7891
LOR,IE,2018,8023
LOR,IE,2018,7283
LOR,IE,2018,8812
LOR,IE,2018,9356
LOR,IE,2018,8775
LOR,MK,2018,625
LOR,MK,2018,855
LOR,MK,2018,860
LOR,MK,2018,904
LOR,MK,2018,902
LOR,MK,2018,959
LOR,MK,2018,835
LOR,MK,2018,837
LOR,MK,2018,895.964
LOR,MK,2018,1051.425
LOR,MK,2018,949.61
LOR,MK,2018,1050.525
LOR,NL,2018,18518
LOR,NL,2018,18439
LOR,NL,2018,18719
LOR,NL,2018,19368
LOR,NL,2018,19919
LOR,NL,2018,20087
LOR,NL,2018,20537
LOR,NL,2018,19932
LOR,NL,2018,20666
LOR,NL,2018,20975
LOR,NL,2018,21086
LOR,NL,2018,21161
LOR,NO,2018,9400
LOR,NO,2018,9325
LOR,NO,2018,8595
LOR,NO,2018,8566
LOR,NO,2018,8650
LOR,NO,2018,8750
LOR,NO,2018,8780
LOR,NO,2018,8532
LOR,NO,2018,8795
LOR,NO,2018,8835
LOR,NO,2018,8743
LOR,NO,2018,8859
LOR,PL,2018,23803
LOR,PL,2018,35505
LOR,PL,2018,35559
LOR,RO,2018,8579
LOR,RO,2018,8652
LOR,RO,2018,8728
LOR,RO,2018,8963
LOR,RO,2018,9205
LOR,RO,2018,9454
LOR,RO,2018,9709
LOR,RO,2018,9972
LOR,RO,2018,10242
LOR,RO,2018,10520
LOR,RO,2018,10805
LOR,RO,2018,11100
LOR,SE,2018,12712
LOR,SE,2018,12934
LOR,SE,2018,13127
LOR,SE,2018,13515
LOR,SE,2018,13878
LOR,SE,2018,14238
LOR,SE,2018,14252
LOR,SE,2018,14058
LOR,SE,2018,14648
LOR,SE,2018,14806
LOR,SE,2018,14602
LOR,SE,2018,14573
LOR,SI,2018,2314
LOR,SI,2018,2575
LOR,SI,2018,2650
LOR,SI,2018,2765
LOR,SI,2018,3012
LOR,SI,2018,2730
LOR,SI,2018,3311
LOR,SI,2018,3402
LOR,SI,2018,3387
LOR,SI,2018,3433
LOR,UA,2018,6031
LOR,UA,2018,6418
LOR,UA,2018,6538
LOR,UA,2018,6934
LOR,UA,2018,6259
LOR,UA,2018,4635
LOR,UA,2018,5310
LOR,UK,2018,80479
LOR,UK,2018,84489
LOR,UK,2018,88073
LOR,UK,2018,88073
LOR,UK,2018,101751
LOR,UK,2018,92534
LOR,UK,2018,99356
LOR,UK,2018,104294
LOR,UK,2018,104408
LOR_GT3P5-6,EE,2018,1203
LOR_GT3P5-6,FI,2018,563
LOR_GT3P5-6,FI,2018,468
LOR_GT3P5-6,FI,2018,474
LOR_GT3P5-6,FI,2018,454
LOR_GT3P5-6,FI,2018,433
LOR_GT3P5-6,FI,2018,415
LOR_GT3P5-6,HU,2018,720.49
LOR_GT3P5-6,HU,2018,691
LOR_GT3P5-6,HU,2018,710.05
LOR_GT3P5-6,HU,2018,718.53
LOR_GT3P5-6,HU,2018,740.93
LOR_GT3P5-6,HU,2018,748.51
LOR_GT3P5-6,HU,2018,754.88
LOR_GT3P5-6,HU,2018,674.43
LOR_GT3P5-6,HU,2018,732.92
LOR_GT3P5-6,HU,2018,720.42
LOR_GT3P5-6,HU,2018,749.76
LOR_GT3P5-6,NO,2018,209
LOR_GT3P5-6,NO,2018,176
LOR_GT3P5-6,NO,2018,153
LOR_GT3P5-6,NO,2018,111
LOR_GT3P5-6,NO,2018,89
LOR_GT3P5-6,NO,2018,73
LOR_GT3P5-6,NO,2018,65
LOR_GT3P5-6,NO,2018,56
LOR_GT3P5-6,NO,2018,54
LOR_GT3P5-6,NO,2018,52
LOR_GT3P5-6,NO,2018,55
LOR_GT3P5-6,NO,2018,63
LOR_GT3P5-6,RO,2018,7521
LOR_GT3P5-6,RO,2018,7535
LOR_GT3P5-6,RO,2018,7550
LOR_GT3P5-6,RO,2018,7751
LOR_GT3P5-6,RO,2018,7958
LOR_GT3P5-6,RO,2018,8171
LOR_GT3P5-6,RO,2018,8389
LOR_GT3P5-6,RO,2018,8613
LOR_GT3P5-6,RO,2018,8843
LOR_GT3P5-6,RO,2018,9081
LOR_GT3P5-6,RO,2018,9324
LOR_GT3P5-6,RO,2018,9575
LOR_GT6,AT,2018,4631
LOR_GT6,AT,2018,4751
LOR_GT6,AT,2018,4873
LOR_GT6,AT,2018,5093.547
LOR_GT6,AT,2018,5270.996
LOR_GT6,AT,2018,5538.082
LOR_GT6,AT,2018,5669.799
LOR_GT6,AT,2018,5478.993
LOR_GT6,AT,2018,5923.872
LOR_GT6,AT,2018,5880.929
LOR_GT6,AT,2018,5656.486
LOR_GT6,AT,2018,5563
LOR_GT6,BG,2018,682.4
LOR_GT6,BG,2018,595.6
LOR_GT6,BG,2018,598.1
LOR_GT6,BG,2018,556.3
LOR_GT6,BG,2018,510.5
LOR_GT6,BG,2018,456.5
LOR_GT6,BG,2018,345.3
LOR_GT6,BG,2018,422.8
LOR_GT6,BG,2018,460
LOR_GT6,BG,2018,387.6
LOR_GT6,BG,2018,303.2
LOR_GT6,BG,2018,348.3
LOR_GT6,ES,2018,9601
LOR_GT6,ES,2018,8476
LOR_GT6,ES,2018,8676
LOR_GT6,ES,2018,8788
LOR_GT6,ES,2018,12960
LOR_GT6,ES,2018,8467
LOR_GT6,ES,2018,9371
LOR_GT6,ES,2018,10422
LOR_GT6,ES,2018,9512
LOR_GT6,FI,2018,2314
LOR_GT6,FI,2018,2276
LOR_GT6,FI,2018,2291
LOR_GT6,FI,2018,2197
LOR_GT6,FI,2018,2067
LOR_GT6,FI,2018,2051
LOR_GT6,HU,2018,3576.97
LOR_GT6,HU,2018,1259
LOR_GT6,HU,2018,1254.66
LOR_GT6,HU,2018,1274.09
LOR_GT6,HU,2018,1344.61
LOR_GT6,HU,2018,1370.8
LOR_GT6,HU,2018,1366.11
LOR_GT6,HU,2018,1175.297
LOR_GT6,HU,2018,1344.34
LOR_GT6,HU,2018,1323
LOR_GT6,HU,2018,1124.05
LOR_GT6,NO,2018,2052
LOR_GT6,NO,2018,1455
LOR_GT6,NO,2018,1433
LOR_GT6,NO,2018,1415
LOR_GT6,NO,2018,1431
LOR_GT6,NO,2018,1443
LOR_GT6,NO,2018,1462
LOR_GT6,NO,2018,1415
LOR_GT6,NO,2018,1411
LOR_GT6,NO,2018,1436
LOR_GT6,NO,2018,1392
LOR_GT6,NO,2018,1392
LOR_LE3P5,AT,2018,6811
LOR_LE3P5,AT,2018,6988
LOR_LE3P5,AT,2018,7170
LOR_LE3P5,AT,2018,7114.189
LOR_LE3P5,AT,2018,7249.359
LOR_LE3P5,AT,2018,7298.361
LOR_LE3P5,AT,2018,7477.334
LOR_LE3P5,AT,2018,7518.336
LOR_LE3P5,AT,2018,8141.826
LOR_LE3P5,AT,2018,8287.934
LOR_LE3P5,AT,2018,8330.615
LOR_LE3P5,AT,2018,8145
LOR_LE3P5,BE,2018,10193
LOR_LE3P5,BE,2018,10670
LOR_LE3P5,BE,2018,11044
LOR_LE3P5,BE,2018,11559
LOR_LE3P5,BE,2018,12091
LOR_LE3P5,ES,2018,13799
LOR_LE3P5,ES,2018,13762
LOR_LE3P5,ES,2018,15117
LOR_LE3P5,ES,2018,13541
LOR_LE3P5,ES,2018,15982
LOR_LE3P5,ES,2018,16057
LOR_LE3P5,ES,2018,16334
LOR_LE3P5,ES,2018,9450
LOR_LE3P5,ES,2018,17050
LOR_LE3P5,ES,2018,16505
LOR_LE3P5,ES,2018,18027
LOR_LE3P5,ES,2018,17452
LOR_LE3P5,FI,2018,3890
LOR_LE3P5,FI,2018,3905
LOR_LE3P5,FI,2018,3925
LOR_LE3P5,FI,2018,5514
LOR_LE3P5,FI,2018,5611
LOR_LE3P5,FI,2018,5693
LOR_LE3P5,FI,2018,5726
LOR_LE3P5,FI,2018,5667
LOR_LE3P5,FI,2018,5777
LOR_LE3P5,FI,2018,5598
LOR_LE3P5,FI,2018,5611
LOR_LE3P5,FI,2018,5596
LOR_LE3P5,HU,2018,5358.01
LOR_LE3P5,HU,2018,5798
LOR_LE3P5,HU,2018,6067.94
LOR_LE3P5,HU,2018,6200.53
LOR_LE3P5,HU,2018,6508.82
LOR_LE3P5,HU,2018,6748.76
LOR_LE3P5,HU,2018,6946.29
LOR_LE3P5,HU,2018,6177.28
LOR_LE3P5,HU,2018,6967.3
LOR_LE3P5,HU,2018,7305.06
LOR_LE3P5,HU,2018,7119.86
LOR_LE3P5,NL,2018,16309
LOR_LE3P5,NL,2018,16296
LOR_LE3P5,NL,2018,16544
LOR_LE3P5,NL,2018,17144
LOR_LE3P5,NL,2018,17668
LOR_LE3P5,NL,2018,17961
LOR_LE3P5,NL,2018,18434
LOR_LE3P5,NL,2018,17905
LOR_LE3P5,NL,2018,18636
LOR_LE3P5,NL,2018,18941
LOR_LE3P5,NL,2018,19102
LOR_LE3P5,NL,2018,19171
LOR_LE3P5,NO,2018,7139
LOR_LE3P5,NO,2018,7077
LOR_LE3P5,NO,2018,7009
LOR_LE3P5,NO,2018,7040
LOR_LE3P5,NO,2018,7130
LOR_LE3P5,NO,2018,7234
LOR_LE3P5,NO,2018,7253
LOR_LE3P5,NO,2018,7061
LOR_LE3P5,NO,2018,7330
LOR_LE3P5,NO,2018,7347
LOR_LE3P5,NO,2018,7296
LOR_LE3P5,NO,2018,7404
LOR_LE3P5,PL,2018,16134
LOR_LE3P5,PL,2018,15591
LOR_LE3P5,PL,2018,15098
LOR_LE3P5,RO,2018,1058
LOR_LE3P5,RO,2018,1117
LOR_LE3P5,RO,2018,1178
LOR_LE3P5,RO,2018,1212
LOR_LE3P5,RO,2018,1247
LOR_LE3P5,RO,2018,1283
LOR_LE3P5,RO,2018,1320
LOR_LE3P5,RO,2018,1359
LOR_LE3P5,RO,2018,1399
LOR_LE3P5,RO,2018,1439
LOR_LE3P5,RO,2018,1481
LOR_LE3P5,RO,2018,1525
LOR_LE3P5,SE,2018,8180
LOR_LE3P5,SE,2018,8404
LOR_LE3P5,SE,2018,8576
LOR_LE3P5,SE,2018,8838
LOR_LE3P5,SE,2018,9099
LOR_LE3P5,SE,2018,9394
LOR_LE3P5,SE,2018,9417
LOR_LE3P5,SE,2018,9332
LOR_LE3P5,SE,2018,9699
LOR_LE3P5,SE,2018,9757
LOR_LE3P5,SE,2018,9687
LOR_LE3P5,SE,2018,9711
LOR_LE3P5,SI,2018,1185
LOR_LE3P5,SI,2018,1402
LOR_LE3P5,SI,2018,1424
LOR_LE3P5,SI,2018,1495
LOR_LE3P5,SI,2018,1719
LOR_LE3P5,SI,2018,1524
LOR_LE3P5,SI,2018,1954
LOR_LE3P5,SI,2018,2022
LOR_LE3P5,SI,2018,2017
LOR_LE3P5,SI,2018,2055
LOR_LE3P5,UK,2018,68530
LOR_LE3P5,UK,2018,72326
LOR_LE3P5,UK,2018,75488
LOR_LE3P5,UK,2018,75488
LOR_LE3P5,UK,2018,89367
LOR_LE3P5,UK,2018,81222
LOR_LE3P5,UK,2018,87510
LOR_LE3P5,UK,2018,92560
LOR_LE3P5,UK,2018,92993
MCO,AT,2018,421
MCO,AT,2018,433
MCO,AT,2018,441
MCO,AT,2018,107.802
MCO,AT,2018,110.792
MCO,AT,2018,101.22
MCO,AT,2018,385.262
MCO,AT,2018,297.378
MCO,AT,2018,303.938
MCO,AT,2018,371.482
MCO,AT,2018,399.567
MCO,AT,2018,427
MCO,BE,2018,140
MCO,BE,2018,132
MCO,BE,2018,141
MCO,BE,2018,120
MCO,BE,2018,111
MCO,CH,2018,125
MCO,CH,2018,128
MCO,CH,2018,131
MCO,CH,2018,134
MCO,CH,2018,136
MCO,CH,2018,139
MCO,CH,2018,142
MCO,CH,2018,131
MCO,CH,2018,139
MCO,CH,2018,144
MCO,CH,2018,149
MCO,CH,2018,153
MCO,NL,2018,139
MCO,NL,2018,139
MCO,NL,2018,144
MCO,NL,2018,147
MCO,NL,2018,159
MCO,NL,2018,161
MCO,NL,2018,149
MCO,NL,2018,58
MCO,NL,2018,64
MCO,NL,2018,91
MCO,NL,2018,100
MCO,NL,2018,112
MCO,NO,2018,88
MCO,NO,2018,96
MCO,NO,2018,101
MCO,NO,2018,102
MCO,NO,2018,105
MCO,NO,2018,101
MCO,NO,2018,102
MCO,NO,2018,85
MCO,NO,2018,62
MCO,NO,2018,87
MCO,NO,2018,90
MCO,NO,2018,99
MCO,SI,2018,104
MCO,SI,2018,105
MCO,SI,2018,110
MCO,SI,2018,112
MCO,SI,2018,115
MCO,SI,2018,51
MCO,SI,2018,72
MCO,SI,2018,86
MCO,SI,2018,96
MCO,SI,2018,107
MOP,AT,2018,310
MOP,AT,2018,303
MOP,AT,2018,741
MOP,AT,2018,437.196
MOP,AT,2018,434.888
MOP,AT,2018,365.388
MOP,AT,2018,451.438
MOP,AT,2018,419.841
MOP,AT,2018,407.393
MOP,AT,2018,366.567
MOP,AT,2018,368.306
MOP,AT,2018,373
MOP,CH,2018,134
MOP,CH,2018,138
MOP,CH,2018,143
MOP,CH,2018,155
MOP,CH,2018,165
MOP,CH,2018,176
MOP,CH,2018,184
MOP,CH,2018,198
MOP,CH,2018,210
MOP,CH,2018,222
MOP,CH,2018,232
MOP,CH,2018,241
MOP,NL,2018,2322
MOP,NL,2018,2350
MOP,NL,2018,2386
MOP,NL,2018,2445
MOP,NL,2018,2537
MOP,NL,2018,2561
MOP,NL,2018,2591
MOP,NL,2018,1281
MOP,NL,2018,1324
MOP,NL,2018,1294
MOP,NL,2018,1286
MOP,NL,2018,1172
MOP,NO,2018,567
MOP,NO,2018,571
MOP,NO,2018,575
MOP,NO,2018,576
MOP,NO,2018,566
MOP,NO,2018,542
MOP,NO,2018,521
MOP,NO,2018,521
MOP,NO,2018,442
MOP,NO,2018,418
MOTO,AT,2018,1307
MOTO,AT,2018,1359
MOTO,AT,2018,1410
MOTO,AT,2018,1191.74
MOTO,AT,2018,1230.545
MOTO,AT,2018,1262.147
MOTO,AT,2018,1216.581
MOTO,AT,2018,1126.278
MOTO,AT,2018,1065.98
MOTO,AT,2018,1093.2
MOTO,AT,2018,1117.091
MOTO,AT,2018,1246
MOTO,BE,2018,1216
MOTO,BE,2018,1230
MOTO,BE,2018,1214
MOTO,BE,2018,1209
MOTO,BE,2018,1222
MOTO,CH,2018,1770
MOTO,CH,2018,1782
MOTO,CH,2018,1794
MOTO,CH,2018,1820
MOTO,CH,2018,1842
MOTO,CH,2018,1868
MOTO,CH,2018,1881
MOTO,CH,2018,1719
MOTO,CH,2018,1763
MOTO,CH,2018,1759
MOTO,CH,2018,1794
MOTO,CH,2018,1805
MOTO,FI,2018,1161
MOTO,FI,2018,1161
MOTO,FI,2018,1161
MOTO,FI,2018,1161
MOTO,FI,2018,1161
MOTO,FI,2018,1161
MOTO,FI,2018,1160
MOTO,FI,2018,1160
MOTO,NL,2018,2210
MOTO,NL,2018,2166
MOTO,NL,2018,2127
MOTO,NL,2018,2136
MOTO,NL,2018,2153
MOTO,NL,2018,2167
MOTO,NL,2018,2210
MOTO,NL,2018,2541
MOTO,NL,2018,2541
MOTO,NL,2018,2541
MOTO,NL,2018,2541
MOTO,NL,2018,2541
MOTO,NO,2018,804
MOTO,NO,2018,831
MOTO,NO,2018,888
MOTO,NO,2018,908
MOTO,NO,2018,942
MOTO,NO,2018,964
MOTO,NO,2018,983
MOTO,NO,2018,983
MOTO,NO,2018,898
MOTO,NO,2018,881
MOTO,SE,2018,692
MOTO,SE,2018,666
MOTO,SE,2018,699
MOTO,SE,2018,713
MOTO,SE,2018,670
MOTO,SE,2018,646
MOTO,SE,2018,652
MOTO,SE,2018,693
MOTO,SE,2018,654
MOTO,SE,2018,665
MOTO,SE,2018,640
MOTO,SE,2018,665
MOTO_MOP,AT,2018,1617
MOTO_MOP,AT,2018,1662
MOTO_MOP,AT,2018,2151
MOTO_MOP,AT,2018,1628.936
MOTO_MOP,AT,2018,1665.433
MOTO_MOP,AT,2018,1627.535
MOTO_MOP,AT,2018,1668.018
MOTO_MOP,AT,2018,1546.119
MOTO_MOP,AT,2018,1473.373
MOTO_MOP,AT,2018,1460
MOTO_MOP,AT,2018,1485.396
MOTO_MOP,AT,2018,1619
MOTO_MOP,CH,2018,1904
MOTO_MOP,CH,2018,1920
MOTO_MOP,CH,2018,1937
MOTO_MOP,CH,2018,1975
MOTO_MOP,CH,2018,2007
MOTO_MOP,CH,2018,2043
MOTO_MOP,CH,2018,2065
MOTO_MOP,CH,2018,1917
MOTO_MOP,CH,2018,1973
MOTO_MOP,CH,2018,1981
MOTO_MOP,CH,2018,2026
MOTO_MOP,CH,2018,2046
MOTO_MOP,EE,2018,37.9
MOTO_MOP,EE,2018,44
MOTO_MOP,EE,2018,48.1
MOTO_MOP,EE,2018,54.1
MOTO_MOP,EE,2018,56
MOTO_MOP,EE,2018,46.6
MOTO_MOP,EE,2018,51.4
MOTO_MOP,EE,2018,57.8
MOTO_MOP,EE,2018,55
MOTO_MOP,EE,2018,57.9
MOTO_MOP,ES,2018,1449
MOTO_MOP,ES,2018,1587
MOTO_MOP,ES,2018,1535
MOTO_MOP,ES,2018,3864
MOTO_MOP,ES,2018,3826
MOTO_MOP,ES,2018,3683
MOTO_MOP,ES,2018,3643
MOTO_MOP,ES,2018,2350
MOTO_MOP,ES,2018,3629
MOTO_MOP,ES,2018,3507
MOTO_MOP,ES,2019,5108
MOTO_MOP,ES,2019,4668
MOTO_MOP,FR,2019,11041
MOTO_MOP,FR,2019,11076
MOTO_MOP,FR,2019,11134
MOTO_MOP,FR,2019,11211
MOTO_MOP,FR,2019,11273
MOTO_MOP,FR,2019,11340.238
MOTO_MOP,FR,2019,11340.238
MOTO_MOP,FR,2019,9582.501
MOTO_MOP,FR,2019,9822.063
MOTO_MOP,FR,2019,11069.466
MOTO_MOP,FR,2019,10737.382
MOTO_MOP,FR,2019,11749.662
MOTO_MOP,HR,2019,189
MOTO_MOP,HR,2019,195
MOTO_MOP,HR,2019,215
MOTO_MOP,HR,2019,225
MOTO_MOP,HR,2019,235
MOTO_MOP,HR,2019,240
MOTO_MOP,HR,2019,250
MOTO_MOP,HR,2019,220
MOTO_MOP,HR,2019,270
MOTO_MOP,HR,2019,290
MOTO_MOP,HR,2019,310
MOTO_MOP,HR,2019,330
MOTO_MOP,HU,2019,407.04
MOTO_MOP,HU,2019,407
MOTO_MOP,HU,2019,432.99
MOTO_MOP,HU,2019,432.92
MOTO_MOP,HU,2019,456.16
MOTO_MOP,HU,2019,481.61
MOTO_MOP,HU,2019,494.02
MOTO_MOP,HU,2019,455.64
MOTO_MOP,HU,2019,464.34
MOTO_MOP,HU,2019,480.89
MOTO_MOP,HU,2019,483.03
MOTO_MOP,HU,2019,499.72
MOTO_MOP,IE,2019,103
MOTO_MOP,IE,2019,102
MOTO_MOP,IE,2019,104
MOTO_MOP,IE,2019,108
MOTO_MOP,IE,2019,109
MOTO_MOP,IE,2019,114
MOTO_MOP,IE,2019,101
MOTO_MOP,IE,2019,111
MOTO_MOP,IE,2019,114
MOTO_MOP,IE,2019,127
MOTO_MOP,NL,2019,4532
MOTO_MOP,NL,2019,4516
MOTO_MOP,NL,2019,4513
MOTO_MOP,NL,2019,4581
MOTO_MOP,NL,2019,4690
MOTO_MOP,NL,2019,4728
MOTO_MOP,NL,2019,4801
MOTO_MOP,NL,2019,3822
MOTO_MOP,NL,2019,3865
MOTO_MOP,NL,2019,3835
MOTO_MOP,NL,2019,3827
MOTO_MOP,NL,2019,3713
MOTO_MOP,NO,2019,1371
MOTO_MOP,NO,2019,1402
MOTO_MOP,NO,2019,1463
MOTO_MOP,NO,2019,1484
MOTO_MOP,NO,2019,1508
MOTO_MOP,NO,2019,1506
MOTO_MOP,NO,2019,1504
MOTO_MOP,NO,2019,1504
MOTO_MOP,NO,2019,1341
MOTO_MOP,NO,2019,1299
MOTO_MOP,PL,2019,4048
MOTO_MOP,PL,2019,3840
MOTO_MOP,PL,2019,3666
MOTO_MOP,RO,2019,709
MOTO_MOP,RO,2019,745
MOTO_MOP,RO,2019,786
MOTO_MOP,RO,2019,789
MOTO_MOP,RO,2019,793
MOTO_MOP,RO,2019,796
MOTO_MOP,RO,2019,800
MOTO_MOP,RO,2019,804
MOTO_MOP,RO,2019,807
MOTO_MOP,RO,2019,811
MOTO_MOP,RO,2019,815
MOTO_MOP,RO,2019,818
MOTO_MOP,SE,2019,692
MOTO_MOP,SE,2019,666
MOTO_MOP,SE,2019,699
MOTO_MOP,SE,2019,713
MOTO_MOP,SE,2019,670
MOTO_MOP,SE,2019,646
MOTO_MOP,SE,2019,652
MOTO_MOP,SE,2019,693
MOTO_MOP,SE,2019,654
MOTO_MOP,SE,2019,665
MOTO_MOP,SE,2019,640
MOTO_MOP,SE,2019,665
MOTO_MOP,SI,2019,244
MOTO_MOP,SI,2019,218
MOTO_MOP,SI,2019,233
MOTO_MOP,SI,2019,235
MOTO_MOP,SI,2019,241
MOTO_MOP,SI,2019,202
MOTO_MOP,SI,2019,210
MOTO_MOP,SI,2019,204
MOTO_MOP,SI,2019,229
MOTO_MOP,SI,2019,248
MOTO_MOP,UK,2019,4328
MOTO_MOP,UK,2019,4459
MOTO_MOP,UK,2019,4463
MOTO_MOP,UK,2019,4463
MOTO_MOP,UK,2019,4786
MOTO_MOP,UK,2019,3949
MOTO_MOP,UK,2019,4073
MOTO_MOP,UK,2019,4566
MOTO_MOP,UK,2019,4587
RDMVEH_OTH,BE,2019,394
RDMVEH_OTH,BE,2019,400
RDMVEH_OTH,BE,2019,397
RDMVEH_OTH,BE,2019,411
RDMVEH_OTH,BE,2019,413
RDMVEH_OTH,HR,2019,1727
RDMVEH_OTH,HR,2019,1660
RDMVEH_OTH,HR,2019,1830
RDMVEH_OTH,HR,2019,2030
RDMVEH_OTH,HR,2019,2290
RDMVEH_OTH,HR,2019,2570
RDMVEH_OTH,HR,2019,2860
RDMVEH_OTH,HR,2019,2610
RDMVEH_OTH,HR,2019,3170
RDMVEH_OTH,HR,2019,3450
RDMVEH_OTH,HR,2019,3790
RDMVEH_OTH,HR,2019,4040
RDMVEH_OTH,HU,2019,157.29
RDMVEH_OTH,HU,2019,158
RDMVEH_OTH,HU,2019,168.37
RDMVEH_OTH,HU,2019,172.11
RDMVEH_OTH,HU,2019,180.86
RDMVEH_OTH,HU,2019,186.62
RDMVEH_OTH,HU,2019,196.7
RDMVEH_OTH,HU,2019,177.15
RDMVEH_OTH,HU,2019,189.36
RDMVEH_OTH,HU,2019,200.27
RDMVEH_OTH,HU,2019,200.6
RDMVEH_OTH,IE,2019,867
RDMVEH_OTH,IE,2019,886
RDMVEH_OTH,IE,2019,857
RDMVEH_OTH,IE,2019,841
RDMVEH_OTH,IE,2019,639
RDMVEH_OTH,IE,2019,384
RDMVEH_OTH,IE,2019,913
RDMVEH_OTH,IE,2019,888
RDMVEH_OTH,NL,2019,454
RDMVEH_OTH,NL,2019,442
RDMVEH_OTH,NL,2019,437
RDMVEH_OTH,NL,2019,462
RDMVEH_OTH,NL,2019,465
RDMVEH_OTH,NL,2019,461
RDMVEH_OTH,NL,2019,460
RDMVEH_OTH,NL,2019,448
RDMVEH_OTH,NL,2019,465
RDMVEH_OTH,NL,2019,486
RDMVEH_OTH,NL,2019,481
RDMVEH_OTH,NL,2019,479
RDMVEH_OTH,NO,2019,
RDMVEH_OTH,NO,2019,
RDMVEH_OTH,PL,2019,1044
RDMVEH_OTH,PL,2019,936
RDMVEH_OTH,PL,2019,872
TOTAL,AT,2019,78108
TOTAL,AT,2019,80150
TOTAL,AT,2019,82672
TOTAL,AT,2019,99823.153
TOTAL,AT,2019,102221.685
TOTAL,AT,2019,102894.536
TOTAL,AT,2019,101722.416
TOTAL,AT,2019,86485.498
TOTAL,AT,2019,90143.578
TOTAL,AT,2019,92451.344
TOTAL,AT,2019,96740.119
TOTAL,AT,2019,96803
TOTAL,BE,2019,97736
TOTAL,BE,2019,99193
TOTAL,BE,2019,100311
TOTAL,BE,2019,101668
TOTAL,BE,2019,103175
TOTAL,CZ,2019,47156
TOTAL,CZ,2019,48335
TOTAL,CZ,2019,53566
TOTAL,CZ,2019,52775
TOTAL,CZ,2019,52775
TOTAL,CZ,2019,52775
TOTAL,CZ,2019,52775
TOTAL,CZ,2019,51988.781
TOTAL,CZ,2019,53600.659
TOTAL,CZ,2019,58663.951
TOTAL,CZ,2019,60339
TOTAL,CZ,2019,63046
TOTAL,EE,2019,9471.6
TOTAL,EE,2019,9976
TOTAL,EE,2019,10387.3
TOTAL,EE,2019,10811.1
TOTAL,EE,2019,11197.1
TOTAL,EE,2019,11659.1
TOTAL,EE,2019,11251.3
TOTAL,EE,2019,11568.2
TOTAL,EE,2019,11696.1
TOTAL,EE,2019,11978.9
TOTAL,ES,2019,199323
TOTAL,ES,2019,228121
TOTAL,ES,2019,238774
TOTAL,ES,2019,239353
TOTAL,ES,2019,244661
TOTAL,ES,2019,250192
TOTAL,ES,2019,252055
TOTAL,ES,2019,195687
TOTAL,ES,2019,239946
TOTAL,ES,2019,254459
TOTAL,ES,2019,260299
TOTAL,ES,2019,262020
TOTAL,FI,2019,54170
TOTAL,FI,2019,54580
TOTAL,FI,2019,55145
TOTAL,FI,2019,50361
TOTAL,FI,2019,51386
TOTAL,FI,2019,51597
TOTAL,FI,2019,51548
TOTAL,FI,2019,49704
TOTAL,FI,2019,49466
TOTAL,FI,2019,48856
TOTAL,FI,2019,48915
TOTAL,FI,2019,48880
TOTAL,FR,2019,587479
TOTAL,FR,2019,595719
TOTAL,FR,2019,603826
TOTAL,FR,2019,613562
TOTAL,FR,2019,638134.183
TOTAL,FR,2019,639198.563
TOTAL,FR,2019,646611.516
TOTAL,FR,2019,531756.08
TOTAL,FR,2019,585788.551
TOTAL,FR,2019,630407.815
TOTAL,FR,2019,620481.786
TOTAL,FR,2019,621674.817
TOTAL,HR,2019,20216
TOTAL,HR,2019,20440
TOTAL,HR,2019,21195
TOTAL,HR,2019,21920
TOTAL,HR,2019,22750
TOTAL,HR,2019,23440
TOTAL,HR,2019,24280
TOTAL,HR,2019,19850
TOTAL,HR,2019,23460
TOTAL,HR,2019,24890
TOTAL,HR,2019,26250
TOTAL,HR,2019,27350
TOTAL,HU,2019,35323.06
TOTAL,HU,2019,36771
TOTAL,HU,2019,38580.57
TOTAL,HU,2019,40451.33
TOTAL,HU,2019,43015.72
TOTAL,HU,2019,44796.46
TOTAL,HU,2019,46415.93
TOTAL,HU,2019,41012.56
TOTAL,HU,2019,45846.97
TOTAL,HU,2019,48677.26
TOTAL,HU,2019,48409.5
TOTAL,HU,2019,49460.37
TOTAL,IE,2019,41757
TOTAL,IE,2019,42447
TOTAL,IE,2019,45790
TOTAL,IE,2019,47775
TOTAL,IE,2019,48754
TOTAL,IE,2019,47545
TOTAL,IE,2019,47072
TOTAL,IE,2019,36237
TOTAL,IE,2019,41878
TOTAL,IE,2019,47604
TOTAL,IE,2019,47296
TOTAL,IT,2019,82357
TOTAL,NL,2019,131765
TOTAL,NL,2019,132196
TOTAL,NL,2019,134110
TOTAL,NL,2019,137838
TOTAL,NL,2019,139865
TOTAL,NL,2019,140371
TOTAL,NL,2019,140709
TOTAL,NL,2019,121675
TOTAL,NL,2019,127854
TOTAL,NL,2019,134061
TOTAL,NL,2019,138462
TOTAL,NL,2019,141222
TOTAL,NO,2019,45285
TOTAL,NO,2019,45140
TOTAL,NO,2019,44946
TOTAL,NO,2019,45466
TOTAL,NO,2019,46791
TOTAL,NO,2019,47506
TOTAL,NO,2019,47065
TOTAL,NO,2019,45128
TOTAL,NO,2019,46601
TOTAL,NO,2019,46907
TOTAL,NO,2019,47041
TOTAL,NO,2019,46899
TOTAL,PL,2019,212168
TOTAL,PL,2019,217671
TOTAL,PL,2019,222106
TOTAL,RO,2019,47322
TOTAL,RO,2019,49662
TOTAL,RO,2019,52173
TOTAL,RO,2019,53694
TOTAL,RO,2019,55269
TOTAL,RO,2019,56899
TOTAL,RO,2019,58589
TOTAL,RO,2019,60342
TOTAL,RO,2019,62161
TOTAL,RO,2019,64051
TOTAL,RO,2019,66015
TOTAL,RO,2019,68059
TOTAL,SE,2019,77702
TOTAL,SE,2019,79153
TOTAL,SE,2019,80687
TOTAL,SE,2019,82630
TOTAL,SE,2019,83871
TOTAL,SE,2019,84528
TOTAL,SE,2019,83708
TOTAL,SE,2019,77813
TOTAL,SE,2019,80119
TOTAL,SE,2019,81794
TOTAL,SE,2019,82053
TOTAL,SE,2019,83253
TOTAL,SI,2019,20674
TOTAL,SI,2019,20605
TOTAL,SI,2019,21346
TOTAL,SI,2019,21886
TOTAL,SI,2019,22482
TOTAL,SI,2019,17612
TOTAL,SI,2019,19034
TOTAL,SI,2019,20511
TOTAL,SI,2019,21446
TOTAL,SI,2019,22017
TOTAL,UK,2019,488784
TOTAL,UK,2019,500388
TOTAL,UK,2019,509709
TOTAL,UK,2019,509709
TOTAL,UK,2019,573762
TOTAL,UK,2019,451413
TOTAL,UK,2019,478874
TOTAL,UK,2019,521093
TOTAL,UK,2019,532365
TRC,BE,2019,4726
TRC,BE,2019,4826
TRC,BE,2019,4890
TRC,BE,2019,5007
TRC,BE,2019,5262
TRC,BG,2019,373.8
TRC,BG,2019,364.2
TRC,BG,2019,377.2
TRC,BG,2019,407.5
TRC,BG,2019,492.4
TRC,BG,2019,446
TRC,BG,2019,356.7
TRC,BG,2019,454.5
TRC,BG,2019,613.3
TRC,BG,2019,557.3
TRC,BG,2019,518.6
TRC,BG,2019,748.3
TRC,ES,2019,13605
TRC,ES,2019,14434
TRC,ES,2019,16289
TRC,ES,2019,13850
TRC,ES,2019,16823
TRC,ES,2019,17489
TRC,ES,2019,18103
TRC,ES,2019,11779
TRC,ES,2019,19703
TRC,ES,2019,19220
TRC,ES,2019,18651
TRC,ES,2019,19516
TRC,FI,2019,534
TRC,FI,2019,514
TRC,FI,2019,517
TRC,FI,2019,531
TRC,FI,2019,539
TRC,FI,2019,493
TRC,FI,2019,475
TRC,FR,2019,0
TRC,HU,2019,2274.13
TRC,HU,2019,2340
TRC,HU,2019,2570.57
TRC,HU,2019,2630.95
TRC,HU,2019,2820.53
TRC,HU,2019,2951.44
TRC,HU,2019,2987.44
TRC,HU,2019,2816.61
TRC,HU,2019,3199.45
TRC,HU,2019,3243.89
TRC,HU,2019,3150.78
TRC,HU,2019,3141.86
TRC,IE,2019,1577
TRC,IE,2019,1575
TRC,IE,2019,1485
TRC,IE,2019,1402
TRC,IE,2019,1289
TRC,IE,2019,1253
TRC,IE,2019,1309
TRC,IE,2019,1269
TRC,MK,2019,493.4
TRC,MK,2019,524.8
TRC,MK,2019,545
TRC,MK,2019,586
TRC,MK,2019,577
TRC,MK,2019,552
TRC,MK,2019,561
TRC,MK,2019,565.8
TRC,MK,2019,611.9
TRC,MK,2019,630.1
TRC,MK,2019,753.3
TRC,MK,2019,776.4
TRC,NL,2019,4409
TRC,NL,2019,4478
TRC,NL,2019,4727
TRC,NL,2019,5107
TRC,NL,2019,5200
TRC,NL,2019,5126
TRC,NL,2019,5209
TRC,NL,2019,5256
TRC,NL,2019,5383
TRC,NL,2019,5594
TRC,NL,2019,5443
TRC,NL,2019,5457
TRC,NO,2019,594
TRC,NO,2019,617
TRC,NO,2019,634
TRC,NO,2019,641
TRC,NO,2019,653
TRC,NO,2019,681
TRC,NO,2019,694
TRC,NO,2019,668
TRC,NO,2019,703
TRC,NO,2019,717
TRC,NO,2019,717
TRC,NO,2019,721
TRC,PL,2019,11543
TRC,PL,2019,20461
TRC,UK,2019,13277
TRC,UK,2019,13558
TRC,UK,2019,14244
TRC,UK,2019,14244
TRC,UK,2019,15570
TRC,UK,2019,15049
TRC,UK,2019,16295
TRC,UK,2019,16237
TRC,UK,2019,15854
BIKE,DK,2019,2993
BIKE,DK,2019,3186
BIKE,DK,2019,3013
BIKE,DK,2019,2924
BIKE,DK,2019,2778
BIKE,DK,2019,2809
BIKE,DK,2019,2756
BIKE,DK,2019,2800
BIKE,DK,2019,2754
BIKE,DK,2019,2989
BIKE,DK,2019,2828
BIKE,DK,2019,2857
BIKE,NO,2019,943
BIKE,NO,2019,1114
BIKE,NO,2019,1128
BIKE,NO,2019,1138
BIKE,NO,2019,1145
BIKE,NO,2019,1155
BIKE,NO,2019,1580
BIKE,NO,2019,1596
BIKE,NO,2019,1606
BIKE,NO,2019,1629
BIKE,NO,2019,1609
BIKE,NO,2019,1563
BIKE,PL,2019,
BUS,BE,2019,360
BUS,BE,2019,358
BUS,BE,2019,360
BUS,BE,2019,359
BUS,BE,2019,329
BUS,BG,2019,423.7
BUS,BG,2019,440.6
BUS,BG,2019,471.1
BUS,BG,2019,432
BUS,BG,2019,510
BUS,BG,2019,413.5
BUS,BG,2019,306.5
BUS,BG,2019,322.6
BUS,BG,2019,314.7
BUS,BG,2019,342.1
BUS,BG,2019,377
BUS,LT,2019,221.7
BUS,LT,2019,227.8
BUS,LT,2019,204.5
BUS,LT,2019,210.9
BUS,LT,2019,210.9
BUS,LT,2019,206.4
BUS,LT,2019,206.5
BUS,LT,2019,171.7
BUS,LT,2019,160.6
BUS,LT,2019,190.3
BUS,LT,2019,191.5
BUS,LT,2019,190
BUS,MT,2019,17.55
BUS,MT,2019,24.38
BUS,MT,2019,33.52
BUS,MT,2019,34.14
BUS,MT,2019,32.01
BUS,MT,2019,34.75
BUS,MT,2019,35.21
BUS,MT,2019,33
BUS,MT,2019,29.26
BUS,MT,2019,32.85
BUS,MT,2019,36.418
BUS,MT,2019,36.401
BUS,NL,2019,500
BUS,NL,2019,482
BUS,NL,2019,478
BUS,NL,2019,461
BUS,NL,2019,493
BUS,NL,2019,469
BUS,NL,2019,464
BUS,NL,2019,434
BUS,NL,2019,419
BUS,NL,2019,396
BUS,NL,2019,378
BUS,NL,2019,403
BUS,NO,2019,342
BUS,NO,2019,332
BUS,NO,2019,327
BUS,NO,2019,339
BUS,NO,2019,343
BUS,NO,2019,353
BUS,NO,2019,363
BUS,NO,2019,365
BUS,NO,2019,439
BUS,NO,2019,454
BUS,NO,2019,470
BUS,NO,2019,474
BUS,SI,2019,18
BUS,SI,2019,18
BUS,SI,2019,18
BUS,SI,2019,18
BUS,SI,2019,18
BUS,SI,2019,13
BUS,SI,2019,17
BUS,SI,2019,18
BUS,SI,2019,20
BUS,SI,2019,24
BUS,UA,2019,2026
BUS_MCO_MIN,BE,2019,134
BUS_MCO_MIN,BE,2019,155
BUS_MCO_MIN,BE,2019,159
BUS_MCO_MIN,BE,2019,135
BUS_MCO_MIN,BE,2019,175
BUS_MCO_MIN,DK,2019,0
BUS_MCO_MIN,DK,2019,0
BUS_MCO_MIN,DK,2019,0
BUS_MCO_MIN,DK,2019,0
BUS_MCO_MIN,DK,2019,0
BUS_MCO_MIN,DK,2019,0
BUS_MCO_MIN,DK,2019,0
BUS_MCO_MIN,DK,2019,0
BUS_MCO_MIN,DK,2019,0
BUS_MCO_MIN,DK,2019,0
BUS_MCO_MIN,DK,2019,0
BUS_MCO_MIN,DK,2019,0
BUS_MCO_MIN,MT,2019,25.73
BUS_MCO_MIN,MT,2019,28.35
BUS_MCO_MIN,MT,2019,31.48
BUS_MCO_MIN,MT,2019,26.86
BUS_MCO_MIN,MT,2019,30.66
BUS_MCO_MIN,MT,2019,36.36
BUS_MCO_MIN,MT,2019,36.57
BUS_MCO_MIN,MT,2019,24
BUS_MCO_MIN,MT,2019,25.51
BUS_MCO_MIN,MT,2019,32.13
BUS_MCO_MIN,MT,2019,34.335
BUS_MCO_MIN,MT,2019,33.344
BUS_MCO_MIN,NO,2019,151
BUS_MCO_MIN,NO,2019,143
BUS_MCO_MIN,NO,2019,135
BUS_MCO_MIN,NO,2020,126
BUS_MCO_MIN,NO,2020,124
BUS_MCO_MIN,NO,2020,125
BUS_MCO_MIN,NO,2020,117
BUS_MCO_MIN,NO,2020,100
BUS_MCO_MIN,NO,2020,4
BUS_MCO_MIN,NO,2020,4
BUS_MCO_MIN,SI,2020,8
BUS_MCO_MIN,SI,2020,8
BUS_MCO_MIN,SI,2020,7
BUS_MCO_MIN,SI,2020,7
BUS_MCO_MIN,SI,2020,7
BUS_MCO_MIN,SI,2020,4
BUS_MCO_MIN,SI,2020,0
BUS_MCO_MIN,SI,2020,0
BUS_MCO_MIN,SI,2020,0
BUS_MCO_MIN,SI,2020,0
BUS_MCO_TRO,BE,2020,573
BUS_MCO_TRO,BE,2020,588
BUS_MCO_TRO,BE,2020,598
BUS_MCO_TRO,BE,2020,561
BUS_MCO_TRO,BE,2020,578
BUS_MCO_TRO,BG,2020,449
BUS_MCO_TRO,BG,2020,439.9
BUS_MCO_TRO,BG,2020,455.8
BUS_MCO_TRO,BG,2020,485.9
BUS_MCO_TRO,BG,2020,446.7
BUS_MCO_TRO,BG,2020,524.1
BUS_MCO_TRO,BG,2020,427.6
BUS_MCO_TRO,BG,2020,320.2
BUS_MCO_TRO,BG,2020,337.1
BUS_MCO_TRO,BG,2020,326.8
BUS_MCO_TRO,BG,2020,353.3
BUS_MCO_TRO,BG,2020,388.5
BUS_MCO_TRO,DE,2020,3251
BUS_MCO_TRO,DE,2020,3301
BUS_MCO_TRO,DE,2020,3372
BUS_MCO_TRO,DE,2020,3453
BUS_MCO_TRO,DE,2020,4560
BUS_MCO_TRO,DK,2020,567
BUS_MCO_TRO,DK,2020,580
BUS_MCO_TRO,DK,2020,607
BUS_MCO_TRO,DK,2020,627
BUS_MCO_TRO,DK,2020,648
BUS_MCO_TRO,DK,2020,642
BUS_MCO_TRO,DK,2020,630
BUS_MCO_TRO,DK,2020,567
BUS_MCO_TRO,DK,2020,624
BUS_MCO_TRO,DK,2020,686
BUS_MCO_TRO,DK,2020,705
BUS_MCO_TRO,DK,2020,679
BUS_MCO_TRO,EE,2020,137
BUS_MCO_TRO,FR,2020,2952
BUS_MCO_TRO,FR,2020,2987
BUS_MCO_TRO,FR,2020,2999
BUS_MCO_TRO,FR,2020,3060
BUS_MCO_TRO,FR,2020,2952.018
BUS_MCO_TRO,FR,2020,3000.357
BUS_MCO_TRO,IE,2020,299
BUS_MCO_TRO,IE,2020,375
BUS_MCO_TRO,IE,2020,313
BUS_MCO_TRO,IE,2020,329
BUS_MCO_TRO,IE,2020,361
BUS_MCO_TRO,IE,2020,386
BUS_MCO_TRO,IE,2020,392
BUS_MCO_TRO,IE,2020,271
BUS_MCO_TRO,IE,2020,260
BUS_MCO_TRO,IE,2020,329
BUS_MCO_TRO,IE,2020,419
BUS_MCO_TRO,MT,2020,51.81
BUS_MCO_TRO,MT,2020,64.01
BUS_MCO_TRO,MT,2020,73.97
BUS_MCO_TRO,MT,2020,72.09
BUS_MCO_TRO,MT,2020,71
BUS_MCO_TRO,MT,2020,81.93
BUS_MCO_TRO,MT,2020,81.44
BUS_MCO_TRO,MT,2020,64.3
BUS_MCO_TRO,MT,2020,59.43
BUS_MCO_TRO,MT,2020,72.9
BUS_MCO_TRO,MT,2020,80.274
BUS_MCO_TRO,MT,2020,78.732
BUS_MCO_TRO,NL,2020,619
BUS_MCO_TRO,NL,2020,602
BUS_MCO_TRO,NL,2020,603
BUS_MCO_TRO,NL,2020,591
BUS_MCO_TRO,NL,2020,635
BUS_MCO_TRO,NL,2020,613
BUS_MCO_TRO,NL,2020,595
BUS_MCO_TRO,NL,2020,486
BUS_MCO_TRO,NL,2020,477
BUS_MCO_TRO,NL,2020,474
BUS_MCO_TRO,NL,2020,463
BUS_MCO_TRO,NL,2020,500
BUS_MCO_TRO,NO,2020,576
BUS_MCO_TRO,NO,2020,565
BUS_MCO_TRO,NO,2020,557
BUS_MCO_TRO,NO,2020,561
BUS_MCO_TRO,NO,2020,566
BUS_MCO_TRO,NO,2020,573
BUS_MCO_TRO,NO,2020,576
BUS_MCO_TRO,NO,2020,545
BUS_MCO_TRO,NO,2020,498
BUS_MCO_TRO,NO,2020,536
BUS_MCO_TRO,NO,2020,559
BUS_MCO_TRO,NO,2020,571
BUS_MCO_TRO,PL,2020,2011
BUS_MCO_TRO,PL,2020,1914
BUS_MCO_TRO,PL,2020,1851
BUS_MCO_TRO,PT,2020,353
BUS_MCO_TRO,PT,2020,346
BUS_MCO_TRO,PT,2020,376.39
BUS_MCO_TRO,PT,2020,398.46
BUS_MCO_TRO,PT,2020,411.69
BUS_MCO_TRO,PT,2020,441.03
BUS_MCO_TRO,PT,2020,396.43
BUS_MCO_TRO,PT,2020,387.94
BUS_MCO_TRO,PT,2020,454.66
BUS_MCO_TRO,PT,2020,497.2
BUS_MCO_TRO,PT,2020,540.45
BUS_MCO_TRO,SI,2020,117
BUS_MCO_TRO,SI,2020,118
BUS_MCO_TRO,SI,2020,121
BUS_MCO_TRO,SI,2020,123
BUS_MCO_TRO,SI,2020,126
BUS_MCO_TRO,SI,2020,65
BUS_MCO_TRO,SI,2020,81
BUS_MCO_TRO,SI,2020,95
BUS_MCO_TRO,SI,2020,106
BUS_MCO_TRO,SI,2020,119
BUS_MCO_TRO,UA,2020,2026
BUS_MCO_TRO,UK,2020,4470
BUS_MCO_TRO,UK,2020,4469
BUS_MCO_TRO,UK,2020,4253
BUS_MCO_TRO,UK,2020,4253
BUS_MCO_TRO,UK,2020,3822
BUS_MCO_TRO,UK,2020,2598
BUS_TRO,BE,2020,0
BUS_TRO,BE,2020,0
BUS_TRO,BE,2020,0
BUS_TRO,BE,2020,0
BUS_TRO,BE,2020,0
BUS_TRO,BG,2020,16.2
BUS_TRO,BG,2020,15.2
BUS_TRO,BG,2020,14.8
BUS_TRO,BG,2020,14.7
BUS_TRO,BG,2020,14.1
BUS_TRO,BG,2020,14.1
BUS_TRO,BG,2020,13.7
BUS_TRO,BG,2020,14.5
BUS_TRO,BG,2020,11.2
BUS_TRO,BG,2020,11.5
BUS_TRO,CY,2020,
BUS_TRO,DK,2020,0
BUS_TRO,DK,2020,0
BUS_TRO,DK,2020,0
BUS_TRO,DK,2020,0
BUS_TRO,DK,2020,0
BUS_TRO,DK,2020,0
BUS_TRO,DK,2020,0
BUS_TRO,DK,2020,0
BUS_TRO,DK,2020,0
BUS_TRO,DK,2020,0
BUS_TRO,DK,2020,0
BUS_TRO,DK,2020,0
BUS_TRO,EE,2020,1.747
BUS_TRO,HR,2020,
BUS_TRO,HR,2020,
BUS_TRO,HR,2020,
BUS_TRO,HR,2020,
BUS_TRO,HR,2020,
BUS_TRO,HR,2020,
BUS_TRO,HR,2020,
BUS_TRO,HR,2020,
BUS_TRO,LT,2020,19.8
BUS_TRO,LT,2020,19.4
BUS_TRO,LT,2020,19.7
BUS_TRO,LT,2020,19.7
BUS_TRO,LT,2020,19.8
BUS_TRO,LT,2020,19.4
BUS_TRO,LT,2020,19.7
BUS_TRO,LT,2020,18.1
BUS_TRO,LT,2020,15
BUS_TRO,LT,2020,16.9
BUS_TRO,LT,2020,17.4
BUS_TRO,LT,2020,17
BUS_TRO,MT,2020,
BUS_TRO,MT,2020,0
BUS_TRO,MT,2020,0
BUS_TRO,MT,2020,
BUS_TRO,MT,2020,
BUS_TRO,MT,2020,0
BUS_TRO,NO,2020,
BUS_TRO,SI,2020,0
BUS_TRO,SI,2020,0
BUS_TRO,SI,2020,0
BUS_TRO,SI,2020,0
BUS_TRO,SI,2020,0
BUS_TRO,SI,2020,0
BUS_TRO,SI,2020,0
BUS_TRO,SI,2020,0
BUS_TRO,SI,2020,0
BUS_TRO,SI,2020,0
CAR,BE,2020,74771
CAR,BE,2020,74635
CAR,BE,2020,75802
CAR,BE,2020,75875
CAR,BE,2020,73180
CAR,CH,2020,47682
CAR,CH,2020,48228
CAR,CH,2020,48802
CAR,CH,2020,49595
CAR,CH,2020,50268
CAR,CH,2020,50553
CAR,CH,2020,50717
CAR,CH,2020,43684
CAR,CH,2020,45971
CAR,CH,2020,48107
CAR,CH,2020,49502
CAR,CH,2020,49912
CAR,DE,2020,615142
CAR,DE,2020,627224
CAR,DE,2020,635805
CAR,DE,2020,649639
CAR,DE,2020,642359
CAR,DK,2020,36042
CAR,DK,2020,37263
CAR,DK,2020,38604
CAR,DK,2020,39858
CAR,DK,2020,40569
CAR,DK,2020,41223
CAR,DK,2020,41882
CAR,DK,2020,38704
CAR,DK,2020,40313
CAR,DK,2020,41221
CAR,DK,2020,42210
CAR,DK,2020,42528
CAR,FR,2020,431070
CAR,FR,2020,438099
CAR,FR,2020,445186
CAR,FR,2020,452785
CAR,FR,2020,468816.6
CAR,FR,2020,475501.481
CAR,IE,2020,32904
CAR,IE,2020,32324
CAR,IE,2020,35874
CAR,IE,2020,37488
CAR,IE,2020,38039
CAR,IE,2020,36817
CAR,IE,2020,36300
CAR,IE,2020,26654
CAR,IE,2020,30677
CAR,IE,2020,35583
CAR,IE,2020,35820
CAR,IT,2020,437085
CAR,LT,2020,16940
CAR,LT,2020,12658.1
CAR,LT,2020,13196.8
CAR,LT,2020,14049.2
CAR,LT,2020,16822.8
CAR,LT,2020,17487
CAR,MT,2020,1899.65
CAR,MT,2020,2485.47
CAR,MT,2020,2556.52
CAR,MT,2020,2500.06
CAR,MT,2020,2333.17
CAR,MT,2020,2395.95
CAR,MT,2020,2408.39
CAR,MT,2020,1878.6
CAR,MT,2020,2290.31
CAR,MT,2020,2321.01
CAR,MT,2020,2391.621
CAR,MT,2020,2349.359
CAR,NL,2020,98483
CAR,NL,2020,98707
CAR,NL,2020,99969
CAR,NL,2020,102394
CAR,NL,2020,103516
CAR,NL,2020,103786
CAR,NL,2020,103493
CAR,NL,2020,88391
CAR,NL,2020,93657
CAR,NL,2020,97763
CAR,NL,2020,101662
CAR,NL,2020,104349
CAR,NO,2020,33592
CAR,NO,2020,33503
CAR,NO,2020,33981
CAR,NO,2020,34500
CAR,NO,2020,35053
CAR,NO,2020,35629
CAR,NO,2020,35149
CAR,NO,2020,33534
CAR,NO,2020,34747
CAR,NO,2020,34957
CAR,NO,2020,35319
CAR,NO,2020,35089
CAR,PL,2020,161113
CAR,SI,2020,16220
CAR,SI,2020,15849
CAR,SI,2020,16448
CAR,SI,2020,16828
CAR,SI,2020,17120
CAR,SI,2020,14080
CAR,SI,2020,14430
CAR,SI,2020,15718
CAR,SI,2020,16605
CAR,SI,2020,17065
CAR,UA,2020,3769
CAR,UK,2020,385300
CAR,UK,2020,392471
CAR,UK,2020,397711
CAR,UK,2020,397711
CAR,UK,2020,447077
CAR,UK,2020,336726
LOR,BE,2020,12072
LOR,BE,2020,12288
LOR,BE,2020,12554
LOR,BE,2020,12946
LOR,BE,2020,12618
LOR,BG,2020,595.6
LOR,BG,2020,598.1
LOR,BG,2020,556.3
LOR,BG,2020,510.5
LOR,BG,2020,456.5
LOR,BG,2020,345.3
LOR,BG,2020,422.8
LOR,BG,2020,460
LOR,BG,2020,387.6
LOR,BG,2020,303.2
LOR,BG,2020,348.3
LOR,DK,2020,8226
LOR,DK,2020,8112
LOR,DK,2020,8099
LOR,DK,2020,8137
LOR,DK,2020,8217
LOR,DK,2020,8141
LOR,DK,2020,7993
LOR,DK,2020,7631
LOR,DK,2020,7978
LOR,DK,2020,8170
LOR,DK,2020,8108
LOR,DK,2020,8025
LOR,ES,2020,20589
LOR,ES,2020,23397
LOR,IE,2020,6320
LOR,IE,2020,6999
LOR,IE,2020,7021
LOR,IE,2020,7410
LOR,IE,2020,7785
LOR,IE,2020,7891
LOR,IE,2020,8023
LOR,IE,2020,7283
LOR,IE,2020,8812
LOR,IE,2020,9356
LOR,IE,2020,8775
LOR,LT,2020,623.8
LOR,LT,2020,610.4
LOR,LT,2020,531.9
LOR,LT,2020,561.1
LOR,LT,2020,516.9
LOR,LT,2020,525.9
LOR,LT,2020,530.7
LOR,LT,2020,520.9
LOR,LT,2020,494.3
LOR,LT,2020,375.7
LOR,LT,2020,176.5
LOR,LT,2020,168.6
LOR,MT,2020,430.67
LOR,MT,2020,502.9
LOR,MT,2020,507.25
LOR,MT,2020,532.42
LOR,MT,2020,437.34
LOR,MT,2020,495.1
LOR,MT,2020,490.45
LOR,MT,2020,440.3
LOR,MT,2020,479.48
LOR,MT,2020,470.86
LOR,MT,2020,478.95
LOR,MT,2020,466.58
LOR,NL,2020,17729
LOR,NL,2020,17647
LOR,NL,2020,17920
LOR,NL,2020,18379
LOR,NL,2020,19022
LOR,NL,2020,19206
LOR,NL,2020,19614
LOR,NL,2020,19034
LOR,NL,2020,19756
LOR,NL,2020,20051
LOR,NL,2020,20158
LOR,NL,2020,20227
LOR,NO,2020,9193
LOR,NO,2020,9119
LOR,NO,2020,8430
LOR,NO,2020,8404
LOR,NO,2020,8488
LOR,NO,2020,8587
LOR,NO,2020,8615
LOR,NO,2020,8373
LOR,NO,2020,8634
LOR,NO,2020,8673
LOR,NO,2020,8583
LOR,NO,2020,8698
LOR,PL,2020,20226
LOR,SI,2020,1418
LOR,SI,2020,1644
LOR,SI,2020,1675
LOR,SI,2020,1740
LOR,SI,2020,1952
LOR,SI,2020,1780
LOR,SI,2020,2211
LOR,SI,2020,2265
LOR,SI,2020,2305
LOR,SI,2020,2289
LOR,UA,2020,5719
LOR,UK,2020,79962
LOR,UK,2020,83954
LOR,UK,2020,87239
LOR,UK,2020,100997
LOR,UK,2020,91854
LOR_GT3P5-6,LT,2020,37
LOR_GT3P5-6,LT,2020,16.8
LOR_GT3P5-6,LT,2020,23.5
LOR_GT3P5-6,LT,2020,24.4
LOR_GT3P5-6,LT,2020,23.2
LOR_GT3P5-6,LT,2020,15.5
LOR_GT3P5-6,LT,2020,19.9
LOR_GT3P5-6,LT,2020,37
LOR_GT3P5-6,LT,2020,23.5
LOR_GT3P5-6,LT,2020,16
LOR_GT3P5-6,LT,2020,0.4
LOR_GT3P5-6,LT,2020,1.5
LOR_GT3P5-6,MT,2020,64.09
LOR_GT3P5-6,MT,2020,67.01
LOR_GT3P5-6,MT,2020,58.41
LOR_GT3P5-6,MT,2020,69.75
LOR_GT3P5-6,MT,2020,54.25
LOR_GT3P5-6,MT,2020,59.83
LOR_GT3P5-6,MT,2020,59.5
LOR_GT3P5-6,MT,2020,57.3
LOR_GT3P5-6,MT,2020,60.1
LOR_GT3P5-6,MT,2020,61.01
LOR_GT3P5-6,MT,2020,63.793
LOR_GT3P5-6,MT,2020,60.409
LOR_GT3P5-6,NO,2020,196
LOR_GT3P5-6,NO,2020,165
LOR_GT3P5-6,NO,2020,144
LOR_GT3P5-6,NO,2020,104
LOR_GT3P5-6,NO,2020,84
LOR_GT3P5-6,NO,2020,69
LOR_GT3P5-6,NO,2020,61
LOR_GT3P5-6,NO,2020,53
LOR_GT3P5-6,NO,2020,51
LOR_GT3P5-6,NO,2020,49
LOR_GT3P5-6,NO,2020,52
LOR_GT3P5-6,NO,2020,59
LOR_GT3P5-6,PT,2020,21
LOR_GT3P5-6,PT,2020,16
LOR_GT3P5-6,PT,2020,14.79
LOR_GT3P5-6,PT,2020,8.7
LOR_GT3P5-6,PT,2020,7.97
LOR_GT3P5-6,PT,2020,15.64
LOR_GT3P5-6,PT,2020,17.08
LOR_GT3P5-6,PT,2020,15.08
LOR_GT3P5-6,PT,2020,12.35
LOR_GT3P5-6,PT,2020,8.2
LOR_GT3P5-6,PT,2020,6.77
LOR_GT3P5-6,PT,2020,9
LOR_GT6,BG,2020,682.4
LOR_GT6,BG,2020,595.6
LOR_GT6,BG,2020,598.1
LOR_GT6,BG,2020,556.3
LOR_GT6,BG,2020,510.5
LOR_GT6,BG,2020,456.5
LOR_GT6,BG,2020,345.3
LOR_GT6,BG,2020,422.8
LOR_GT6,BG,2020,460
LOR_GT6,BG,2020,387.6
LOR_GT6,BG,2020,303.2
LOR_GT6,BG,2020,348.3
LOR_GT6,LT,2020,256
LOR_GT6,LT,2020,272.2
LOR_GT6,LT,2020,239.7
LOR_GT6,LT,2020,241.5
LOR_GT6,LT,2020,252.1
LOR_GT6,LT,2020,257.5
LOR_GT6,LT,2020,284.5
LOR_GT6,LT,2020,296.9
LOR_GT6,LT,2020,263.2
LOR_GT6,LT,2020,202.3
LOR_GT6,LT,2020,176.1
LOR_GT6,LT,2020,167.1
LOR_GT6,MT,2020,53.45
LOR_GT6,MT,2020,60.87
LOR_GT6,MT,2020,46.54
LOR_GT6,MT,2020,64.12
LOR_GT6,MT,2020,40.93
LOR_GT6,MT,2020,57.47
LOR_GT6,MT,2020,57.43
LOR_GT6,MT,2020,53.7
LOR_GT6,MT,2020,53.7
LOR_GT6,MT,2020,50.62
LOR_GT6,MT,2020,53.677
LOR_GT6,MT,2020,51.151
LOR_GT6,NO,2020,1929
LOR_GT6,NO,2020,1368
LOR_GT6,NO,2020,1347
LOR_GT6,NO,2020,1330
LOR_GT6,NO,2020,1345
LOR_GT6,NO,2020,1356
LOR_GT6,NO,2020,1374
LOR_GT6,NO,2020,1330
LOR_GT6,NO,2020,1326
LOR_GT6,NO,2020,1350
LOR_GT6,NO,2020,1308
LOR_GT6,NO,2020,1308
LOR_GT6,PT,2020,702
LOR_GT6,PT,2020,645
LOR_GT6,PT,2020,676.67
LOR_GT6,PT,2020,575.33
LOR_GT6,PT,2020,543.85
LOR_GT6,PT,2020,503.9
LOR_GT6,PT,2020,495.55
LOR_GT6,PT,2020,432.93
LOR_GT6,PT,2020,479.52
LOR_GT6,PT,2020,433.996
LOR_GT6,PT,2020,423.55
LOR_GT6,PT,2020,387
LOR_LE3P5,AT,2020,5254
LOR_LE3P5,BE,2020,9888
LOR_LE3P5,BE,2020,10220
LOR_LE3P5,BE,2020,10540
LOR_LE3P5,BE,2020,11018
LOR_LE3P5,BE,2020,10767
LOR_LE3P5,DK,2020,7239
LOR_LE3P5,DK,2020,7139
LOR_LE3P5,DK,2020,7136
LOR_LE3P5,DK,2020,7173
LOR_LE3P5,DK,2020,7240
LOR_LE3P5,DK,2020,7168
LOR_LE3P5,DK,2020,7025
LOR_LE3P5,DK,2020,6673
LOR_LE3P5,DK,2020,6980
LOR_LE3P5,DK,2020,7186
LOR_LE3P5,DK,2020,7153
LOR_LE3P5,DK,2020,7070
LOR_LE3P5,ES,2020,6818
LOR_LE3P5,ES,2020,7573
LOR_LE3P5,LT,2020,330.8
LOR_LE3P5,LT,2020,321.3
LOR_LE3P5,LT,2020,268.8
LOR_LE3P5,LT,2020,295.2
LOR_LE3P5,LT,2020,241.5
LOR_LE3P5,LT,2020,252.9
LOR_LE3P5,LT,2020,226.3
LOR_LE3P5,LT,2020,187
LOR_LE3P5,LT,2020,207.6
LOR_LE3P5,LT,2020,157.4
LOR_LE3P5,MT,2020,313.12
LOR_LE3P5,MT,2020,375.02
LOR_LE3P5,MT,2020,402.07
LOR_LE3P5,MT,2020,407.98
LOR_LE3P5,MT,2020,342.15
LOR_LE3P5,MT,2020,379.79
LOR_LE3P5,MT,2020,379.05
LOR_LE3P5,MT,2020,329.3
LOR_LE3P5,MT,2020,365.68
LOR_LE3P5,MT,2020,359.24
LOR_LE3P5,MT,2020,361.481
LOR_LE3P5,MT,2020,355.02
LOR_LE3P5,NL,2020,15657
LOR_LE3P5,NL,2020,15644
LOR_LE3P5,NL,2020,15883
LOR_LE3P5,NL,2020,16407
LOR_LE3P5,NL,2020,16909
LOR_LE3P5,NL,2020,17225
LOR_LE3P5,NL,2020,17664
LOR_LE3P5,NL,2020,17171
LOR_LE3P5,NL,2020,17890
LOR_LE3P5,NL,2020,18183
LOR_LE3P5,NL,2020,18338
LOR_LE3P5,NL,2021,18404
LOR_LE3P5,NO,2021,7068
LOR_LE3P5,NO,2021,7006
LOR_LE3P5,NO,2021,6939
LOR_LE3P5,NO,2021,6970
LOR_LE3P5,NO,2021,7059
LOR_LE3P5,NO,2021,7162
LOR_LE3P5,NO,2021,7180
LOR_LE3P5,NO,2021,6990
LOR_LE3P5,NO,2021,7257
LOR_LE3P5,NO,2021,7274
LOR_LE3P5,NO,2021,7223
LOR_LE3P5,NO,2021,7330
LOR_LE3P5,PL,2021,12957
LOR_LE3P5,SI,2021,1062
LOR_LE3P5,SI,2021,1273
LOR_LE3P5,SI,2021,1287
LOR_LE3P5,SI,2021,1351
LOR_LE3P5,SI,2021,1568
LOR_LE3P5,SI,2021,1397
LOR_LE3P5,SI,2021,1715
LOR_LE3P5,SI,2021,1776
LOR_LE3P5,SI,2021,1785
LOR_LE3P5,SI,2021,1818
LOR_LE3P5,UK,2021,68304
LOR_LE3P5,UK,2021,72087
LOR_LE3P5,UK,2021,75141
LOR_LE3P5,UK,2021,88932
LOR_LE3P5,UK,2021,80827
MCO,BE,2021,79
MCO,BE,2021,75
MCO,BE,2021,80
MCO,BE,2021,68
MCO,BE,2021,74
MCO,MT,2021,8.52
MCO,MT,2021,11.28
MCO,MT,2021,8.98
MCO,MT,2021,11.1
MCO,MT,2021,8.33
MCO,MT,2021,10.82
MCO,MT,2021,9.66
MCO,MT,2021,7.3
MCO,MT,2021,4.66
MCO,MT,2021,7.91
MCO,MT,2021,9.521
MCO,MT,2021,8.987
MCO,NL,2021,119
MCO,NL,2021,120
MCO,NL,2021,125
MCO,NL,2021,130
MCO,NL,2021,142
MCO,NL,2021,144
MCO,NL,2021,132
MCO,NL,2021,52
MCO,NL,2021,57
MCO,NL,2021,78
MCO,NL,2021,85
MCO,NL,2021,97
MCO,NO,2021,83
MCO,NO,2021,90
MCO,NO,2021,95
MCO,NO,2021,96
MCO,NO,2021,99
MCO,NO,2021,95
MCO,NO,2021,96
MCO,NO,2021,80
MCO,NO,2021,59
MCO,NO,2021,82
MCO,NO,2021,85
MCO,NO,2021,93
MCO,SI,2021,92
MCO,SI,2021,92
MCO,SI,2021,96
MCO,SI,2021,98
MCO,SI,2021,101
MCO,SI,2021,48
MCO,SI,2021,64
MCO,SI,2021,78
MCO,SI,2021,86
MCO,SI,2021,96
MOP,DK,2021,68
MOP,DK,2021,65
MOP,DK,2021,63
MOP,DK,2021,61
MOP,DK,2021,59
MOP,DK,2021,56
MOP,DK,2021,49
MOP,DK,2021,44
MOP,DK,2021,41
MOP,DK,2021,39
MOP,DK,2021,37
MOP,DK,2021,35
MOP,IT,2021,5711
MOP,MT,2021,0.71
MOP,MT,2021,0.38
MOP,MT,2021,0.77
MOP,MT,2021,1.64
MOP,NL,2021,2285
MOP,NL,2021,2313
MOP,NL,2021,2348
MOP,NL,2021,2406
MOP,NL,2021,2496
MOP,NL,2021,2522
MOP,NL,2021,2552
MOP,NL,2021,1281
MOP,NL,2021,1324
MOP,NL,2021,1294
MOP,NL,2021,1286
MOP,NL,2021,1172
MOP,NO,2021,567
MOP,NO,2021,571
MOP,NO,2021,575
MOP,NO,2021,576
MOP,NO,2021,566
MOP,NO,2021,542
MOP,NO,2021,521
MOP,NO,2021,521
MOP,NO,2021,442
MOP,NO,2021,418
MOTO,DK,2021,450
MOTO,DK,2021,453
MOTO,DK,2021,457
MOTO,DK,2021,465
MOTO,DK,2021,472
MOTO,DK,2021,479
MOTO,DK,2021,484
MOTO,DK,2021,491
MOTO,DK,2021,500
MOTO,DK,2021,504
MOTO,DK,2021,497
MOTO,DK,2021,489
MOTO,IT,2021,29424
MOTO,LT,2021,277.5
MOTO,LT,2021,113.1
MOTO,LT,2021,143.2
MOTO,LT,2021,158
MOTO,LT,2021,204.8
MOTO,LT,2021,214.8
MOTO,MT,2021,88.65
MOTO,MT,2021,87.95
MOTO,MT,2021,89.33
MOTO,MT,2021,118.01
MOTO,NL,2021,2210
MOTO,NL,2021,2166
MOTO,NL,2021,2127
MOTO,NL,2021,2136
MOTO,NL,2021,2153
MOTO,NL,2021,2167
MOTO,NL,2021,2210
MOTO,NL,2021,2541
MOTO,NL,2021,2541
MOTO,NL,2021,2541
MOTO,NL,2021,2541
MOTO,NL,2021,2541
MOTO,NO,2021,796
MOTO,NO,2021,823
MOTO,NO,2021,879
MOTO,NO,2021,899
MOTO,NO,2021,933
MOTO,NO,2021,954
MOTO,NO,2021,973
MOTO,NO,2021,973
MOTO,NO,2021,889
MOTO,NO,2021,872
MOTO_MOP,DE,2021,12337
MOTO_MOP,DE,2021,12612
MOTO_MOP,DE,2021,12865
MOTO_MOP,DE,2021,13127
MOTO_MOP,DE,2021,9776
MOTO_MOP,DK,2021,518
MOTO_MOP,DK,2021,518
MOTO_MOP,DK,2021,520
MOTO_MOP,DK,2021,526
MOTO_MOP,DK,2021,531
MOTO_MOP,DK,2021,535
MOTO_MOP,DK,2021,533
MOTO_MOP,DK,2021,535
MOTO_MOP,DK,2021,541
MOTO_MOP,DK,2021,543
MOTO_MOP,DK,2021,534
MOTO_MOP,DK,2021,524
MOTO_MOP,FR,2021,11041
MOTO_MOP,FR,2021,11076
MOTO_MOP,FR,2021,11134
MOTO_MOP,FR,2021,11211
MOTO_MOP,FR,2021,11273
MOTO_MOP,FR,2021,11340.238
MOTO_MOP,IE,2021,103
MOTO_MOP,IE,2021,103
MOTO_MOP,IE,2021,102
MOTO_MOP,IE,2021,104
MOTO_MOP,IE,2021,108
MOTO_MOP,IE,2021,109
MOTO_MOP,IE,2021,114
MOTO_MOP,IE,2021,101
MOTO_MOP,IE,2021,111
MOTO_MOP,IE,2021,114
MOTO_MOP,IE,2021,127
MOTO_MOP,IT,2021,35135
MOTO_MOP,MT,2021,89.36
MOTO_MOP,MT,2021,88.33
MOTO_MOP,MT,2021,90.11
MOTO_MOP,MT,2021,119.65
MOTO_MOP,NL,2021,4495
MOTO_MOP,NL,2021,4479
MOTO_MOP,NL,2021,4475
MOTO_MOP,NL,2021,4542
MOTO_MOP,NL,2021,4649
MOTO_MOP,NL,2021,4689
MOTO_MOP,NL,2021,4762
MOTO_MOP,NL,2021,3822
MOTO_MOP,NL,2021,3865
MOTO_MOP,NL,2021,3835
MOTO_MOP,NL,2021,3827
MOTO_MOP,NL,2021,3713
MOTO_MOP,NO,2021,1363
MOTO_MOP,NO,2021,1395
MOTO_MOP,NO,2021,1455
MOTO_MOP,NO,2021,1475
MOTO_MOP,NO,2021,1499
MOTO_MOP,NO,2021,1496
MOTO_MOP,NO,2021,1495
MOTO_MOP,NO,2021,1495
MOTO_MOP,NO,2021,1331
MOTO_MOP,NO,2021,1290
MOTO_MOP,PL,2021,4048
MOTO_MOP,PL,2021,3840
MOTO_MOP,PL,2021,3666
MOTO_MOP,SI,2021,227
MOTO_MOP,SI,2021,200
MOTO_MOP,SI,2021,214
MOTO_MOP,SI,2021,217
MOTO_MOP,SI,2021,222
MOTO_MOP,SI,2021,196
MOTO_MOP,SI,2021,197
MOTO_MOP,SI,2021,191
MOTO_MOP,SI,2021,214
MOTO_MOP,SI,2021,233
RDMVEH_OTH,DK,2021,0
RDMVEH_OTH,DK,2021,0
RDMVEH_OTH,DK,2021,0
RDMVEH_OTH,DK,2021,0
RDMVEH_OTH,DK,2021,0
RDMVEH_OTH,DK,2021,0
RDMVEH_OTH,DK,2021,0
RDMVEH_OTH,DK,2021,0
RDMVEH_OTH,DK,2021,0
RDMVEH_OTH,DK,2021,0
RDMVEH_OTH,IE,2021,787
RDMVEH_OTH,IE,2021,999
RDMVEH_OTH,IE,2021,881
RDMVEH_OTH,IE,2021,867
RDMVEH_OTH,IE,2021,886
RDMVEH_OTH,IE,2021,857
RDMVEH_OTH,IE,2021,841
RDMVEH_OTH,IE,2021,639
RDMVEH_OTH,IE,2021,384
RDMVEH_OTH,IE,2021,913
RDMVEH_OTH,IE,2021,888
RDMVEH_OTH,MT,2021,26.89
RDMVEH_OTH,MT,2021,40.51
RDMVEH_OTH,MT,2021,40.76
RDMVEH_OTH,MT,2021,35.27
RDMVEH_OTH,MT,2021,29.36
RDMVEH_OTH,MT,2021,40.8
RDMVEH_OTH,MT,2021,40.11
RDMVEH_OTH,MT,2021,34.6
RDMVEH_OTH,MT,2021,1.99
RDMVEH_OTH,MT,2021,33.52
RDMVEH_OTH,MT,2021,38.239
RDMVEH_OTH,MT,2021,36.772
RDMVEH_OTH,NL,2021,379
RDMVEH_OTH,NL,2021,370
RDMVEH_OTH,NL,2021,370
RDMVEH_OTH,NL,2021,385
RDMVEH_OTH,NL,2021,390
RDMVEH_OTH,NL,2021,385
RDMVEH_OTH,NL,2021,387
RDMVEH_OTH,NL,2021,381
RDMVEH_OTH,NL,2021,398
RDMVEH_OTH,NL,2021,422
RDMVEH_OTH,NL,2021,421
RDMVEH_OTH,NL,2021,406
RDMVEH_OTH,NO,2021,1371
RDMVEH_OTH,NO,2021,
RDMVEH_OTH,PL,2021,1044
RDMVEH_OTH,PL,2021,936
TOTAL,BE,2021,89780
TOTAL,BE,2021,89973
TOTAL,BE,2021,90945
TOTAL,BE,2021,91135
TOTAL,BE,2021,88143
TOTAL,DE,2021,725704
TOTAL,DE,2021,740529
TOTAL,DE,2021,752266
TOTAL,DE,2021,769150
TOTAL,DE,2021,755909
TOTAL,DK,2021,46360
TOTAL,DK,2021,47519
TOTAL,DK,2021,48887
TOTAL,DK,2021,50256
TOTAL,DK,2021,51105
TOTAL,DK,2021,51718
TOTAL,DK,2021,52236
TOTAL,DK,2021,48652
TOTAL,DK,2021,50735
TOTAL,DK,2021,51871
TOTAL,DK,2021,52763
TOTAL,DK,2021,52626
TOTAL,FR,2021,548494
TOTAL,FR,2021,556467
TOTAL,FR,2021,564315
TOTAL,FR,2021,573727
TOTAL,FR,2021,593959.303
TOTAL,FR,2021,592546.938
TOTAL,IE,2021,41757
TOTAL,IE,2021,42447
TOTAL,IE,2021,45790
TOTAL,IE,2021,47775
TOTAL,IE,2021,48754
TOTAL,IE,2021,47545
TOTAL,IE,2021,47072
TOTAL,IE,2021,36237
TOTAL,IE,2021,41878
TOTAL,IE,2021,47604
TOTAL,IE,2021,47296
TOTAL,MT,2021,2454.69
TOTAL,MT,2021,3232.79
TOTAL,MT,2021,3311.35
TOTAL,MT,2021,3270.217
TOTAL,MT,2021,2975.98
TOTAL,MT,2021,3119.33
TOTAL,MT,2021,3065.76
TOTAL,MT,2021,2438.5
TOTAL,MT,2021,2853.99
TOTAL,MT,2021,2918.72
TOTAL,MT,2021,3009.237
TOTAL,MT,2021,2949.201
TOTAL,NL,2021,125554
TOTAL,NL,2021,125707
TOTAL,NL,2021,127362
TOTAL,NL,2021,130715
TOTAL,NL,2021,132667
TOTAL,NL,2021,133063
TOTAL,NL,2021,133307
TOTAL,NL,2021,116581
TOTAL,NL,2021,122734
TOTAL,NL,2021,127329
TOTAL,NL,2021,131163
TOTAL,NL,2021,133839
TOTAL,NO,2021,44724
TOTAL,NO,2021,44582
TOTAL,NO,2021,44423
TOTAL,NO,2021,44940
TOTAL,NO,2021,46220
TOTAL,NO,2021,46925
TOTAL,NO,2021,46487
TOTAL,NO,2021,44575
TOTAL,NO,2021,46035
TOTAL,NO,2021,46335
TOTAL,NO,2021,46466
TOTAL,NO,2021,46326
TOTAL,PL,2021,199818
TOTAL,SI,2021,17982
TOTAL,SI,2021,17811
TOTAL,SI,2021,18457
TOTAL,SI,2021,18907
TOTAL,SI,2021,19421
TOTAL,SI,2021,16121
TOTAL,SI,2021,16918
TOTAL,SI,2021,18269
TOTAL,SI,2021,19230
TOTAL,SI,2021,19707
TOTAL,UK,2021,486902
TOTAL,UK,2021,498464
TOTAL,UK,2021,507223
TOTAL,UK,2021,507223
TOTAL,UK,2021,571689
TOTAL,UK,2021,449627
TRC,BE,2021,2365
TRC,BE,2021,2462
TRC,BE,2021,1991
TRC,BE,2021,1752
TRC,BE,2021,1767
TRC,BG,2021,373.8
TRC,BG,2021,364.2
TRC,BG,2021,377.2
TRC,BG,2021,407.5
TRC,BG,2021,492.4
TRC,BG,2021,446
TRC,BG,2021,356.7
TRC,BG,2021,454.5
TRC,BG,2021,613.3
TRC,BG,2021,557.3
TRC,BG,2021,518.6
TRC,BG,2021,748.3
TRC,DK,2021,1007
TRC,DK,2021,1045
TRC,DK,2021,1057
TRC,DK,2021,1109
TRC,DK,2021,1140
TRC,DK,2021,1179
TRC,DK,2021,1198
TRC,DK,2021,1216
TRC,DK,2021,1278
TRC,DK,2021,1251
TRC,DK,2021,1206
TRC,DK,2021,1218
TRC,IE,2021,1344
TRC,IE,2021,1647
TRC,IE,2021,1598
TRC,IE,2021,1577
TRC,IE,2021,1575
TRC,IE,2021,1485
TRC,IE,2021,1402
TRC,IE,2021,1289
TRC,IE,2021,1253
TRC,IE,2021,1309
TRC,IE,2021,1269
TRC,LT,2021,135.7
TRC,LT,2021,156.3
TRC,LT,2021,170.9
TRC,LT,2021,176.8
TRC,LT,2021,177.6
TRC,LT,2021,191
TRC,LT,2021,183.4
TRC,LT,2021,196
TRC,LT,2021,190.3
TRC,LT,2021,158.6
TRC,LT,2021,249.4
TRC,LT,2021,313.5
TRC,MT,2021,35.67
TRC,MT,2021,11.89
TRC,MT,2021,26.7
TRC,MT,2021,25.73
TRC,MT,2021,20.7
TRC,MT,2021,22.78
TRC,MT,2021,20.43
TRC,MT,2021,20.153
TRC,MT,2021,17.757
TRC,NL,2021,3848
TRC,NL,2021,3903
TRC,NL,2021,4109
TRC,NL,2021,4424
TRC,NL,2021,4455
TRC,NL,2021,4384
TRC,NL,2021,4456
TRC,NL,2021,4468
TRC,NL,2021,4580
TRC,NL,2021,4784
TRC,NL,2021,4631
TRC,NL,2021,4644
TRC,NO,2021,558
TRC,NO,2021,580
TRC,NO,2021,596
TRC,NO,2021,603
TRC,NO,2021,614
TRC,NO,2021,640
TRC,NO,2021,652
TRC,NO,2021,628
TRC,NO,2021,661
TRC,NO,2021,674
TRC,NO,2021,674
TRC,NO,2021,678
TRC,PL,2021,11376
TRC,PT,2021,772
TRC,PT,2021,742
TRC,PT,2021,734.87
TRC,PT,2021,733.5
TRC,PT,2021,758.2
TRC,PT,2021,772.14
TRC,PT,2021,743.13
TRC,PT,2021,619.79
TRC,PT,2021,668.17
TRC,PT,2021,663.22
TRC,PT,2021,595.46
TRC,PT,2021,582
TRC,UK,2021,12841
TRC,UK,2021,13112
TRC,UK,2021,13558
TRC,UK,2021,13558
TRC,UK,2021,15008
TRC,UK,2021,14500
BUS,BE,2021,333
BUS,BE,2021,331
BUS,BE,2021,332
BUS,BE,2021,332
BUS,BE,2021,329
BUS,BG,2021,474.1
BUS,BG,2021,512.8
BUS,BG,2021,577.7
BUS,BG,2021,329.1
BUS,BG,2021,353
BUS,BG,2021,360
BUS,BG,2021,405
BUS,BG,2021,479.1
BUS,CZ,2021,852.287
BUS,CZ,2021,901.366
BUS,CZ,2021,922.63
BUS,DE,2021,4130
BUS,DE,2021,4240
BUS,DE,2021,4378
BUS,DE,2021,4515
BUS,DE,2021,4477
BUS,DE,2021,4486
BUS,DE,2021,4427
BUS,DE,2021,4075
BUS,DE,2021,3997
BUS,DE,2021,4176
BUS,DE,2021,4292
BUS,DE,2021,4357
BUS,EE,2021,164.5
BUS,FR,2021,856.039
BUS,FR,2021,881.67
BUS,FR,2021,922.632
BUS,FR,2021,932.814
BUS,FR,2021,891.448
BUS,FR,2021,936.11
BUS,FR,2021,994.893
BUS,FR,2021,910.448
BUS,FR,2021,1064.722
BUS,FR,2021,1078.536
BUS,FR,2021,1085.47
BUS,FR,2021,1117.637
BUS,HR,2021,277
BUS,HR,2021,198
BUS,HR,2021,207
BUS,HR,2021,249
BUS,HR,2021,268
BUS,HR,2021,301
BUS,IE,2021,361
BUS,IS,2021,12
BUS,IS,2021,148
BUS,IS,2021,21
BUS,LV,2021,209.3
BUS,LV,2021,220.1
BUS,LV,2021,217.9
BUS,LV,2021,220.5
BUS,LV,2021,221.2
BUS,LV,2021,215.3
BUS,LV,2021,205.7
BUS,LV,2021,167
BUS,LV,2021,150.4
BUS,LV,2021,161.2
BUS,LV,2021,166
BUS,LV,2021,165.1
BUS,MT,2021,17.35
BUS,MT,2021,19.89
BUS,MT,2022,22.14
BUS,MT,2022,35.4
BUS,MT,2022,32.42
BUS,MT,2022,32.4
BUS,MT,2022,35.47
BUS,MT,2022,33
BUS,MT,2022,29.26
BUS,MT,2022,32.85
BUS,MT,2022,36.418
BUS,MT,2022,36.401
BUS,NL,2022,503
BUS,NL,2022,485
BUS,NL,2022,480
BUS,NL,2022,465
BUS,NL,2022,495
BUS,NL,2022,471
BUS,NL,2022,466
BUS,NL,2022,435
BUS,NL,2022,425
BUS,NL,2022,398
BUS,NL,2022,381
BUS,NL,2022,405
BUS,NO,2022,342
BUS,NO,2022,332
BUS,NO,2022,327
BUS,NO,2022,469
BUS,NO,2022,474
BUS,NO,2022,468
BUS,NO,2022,460
BUS,NO,2022,443
BUS,NO,2022,439
BUS,NO,2022,454
BUS,NO,2022,470
BUS,NO,2022,474
BUS,SE,2022,813.098
BUS,SI,2022,139
BUS,SI,2022,124
BUS,SI,2022,129
BUS,SI,2022,128
BUS,SI,2022,130
BUS,SI,2022,70
BUS,SI,2022,91
BUS,SI,2022,112
BUS,SI,2022,123
BUS,SI,2022,129
BUS,TR,2022,19690.265
BUS,TR,2022,19603.216
BUS,TR,2022,20291.142
BUS,TR,2022,20955.197
BUS,TR,2022,19193.399
BUS,TR,2022,16871.246
BUS,TR,2022,18806.016
BUS,TR,2022,19544.387
BUS,TR,2022,20016.365
BUS,TR,2022,20196.731
BUS_MCO_TRO,BE,2022,633
BUS_MCO_TRO,BE,2022,646
BUS_MCO_TRO,BE,2022,659
BUS_MCO_TRO,BE,2022,614
BUS_MCO_TRO,BE,2022,614
BUS_MCO_TRO,BG,2022,474.1
BUS_MCO_TRO,BG,2022,512.8
BUS_MCO_TRO,BG,2022,577.7
BUS_MCO_TRO,BG,2022,329.1
BUS_MCO_TRO,BG,2022,353
BUS_MCO_TRO,BG,2022,360
BUS_MCO_TRO,BG,2022,405
BUS_MCO_TRO,CZ,2022,866.996
BUS_MCO_TRO,CZ,2022,912.5
BUS_MCO_TRO,CZ,2022,929.75
BUS_MCO_TRO,DE,2022,4130
BUS_MCO_TRO,DE,2022,4240
BUS_MCO_TRO,DE,2022,4378
BUS_MCO_TRO,DE,2022,4515
BUS_MCO_TRO,DE,2022,4477
BUS_MCO_TRO,DE,2022,4486
BUS_MCO_TRO,DE,2022,4427
BUS_MCO_TRO,DE,2022,4075
BUS_MCO_TRO,DE,2022,3997
BUS_MCO_TRO,DE,2022,4176
BUS_MCO_TRO,DE,2022,4292
BUS_MCO_TRO,DE,2022,4357
BUS_MCO_TRO,EE,2022,161
BUS_MCO_TRO,EE,2022,175
BUS_MCO_TRO,EE,2022,206.4
BUS_MCO_TRO,EE,2022,237.8
BUS_MCO_TRO,EE,2022,235.1
BUS_MCO_TRO,EE,2022,221.5
BUS_MCO_TRO,EE,2022,216.3
BUS_MCO_TRO,EE,2022,231.4
BUS_MCO_TRO,EE,2022,239.8
BUS_MCO_TRO,EE,2022,166.7
BUS_MCO_TRO,FI,2022,614
BUS_MCO_TRO,FI,2022,601
BUS_MCO_TRO,FI,2022,523
BUS_MCO_TRO,FI,2022,461
BUS_MCO_TRO,FI,2022,564
BUS_MCO_TRO,FR,2022,2896.2
BUS_MCO_TRO,FR,2022,2923.661
BUS_MCO_TRO,FR,2022,2974.09
BUS_MCO_TRO,FR,2022,3037.75
BUS_MCO_TRO,FR,2022,2953.894
BUS_MCO_TRO,FR,2022,3000.357
BUS_MCO_TRO,FR,2022,3053.105
BUS_MCO_TRO,FR,2022,2293.588
BUS_MCO_TRO,FR,2022,2725.497
BUS_MCO_TRO,FR,2022,2993.284
BUS_MCO_TRO,FR,2022,3042.984
BUS_MCO_TRO,FR,2022,3104.755
BUS_MCO_TRO,HR,2022,276
BUS_MCO_TRO,HR,2022,304
BUS_MCO_TRO,HR,2022,328
BUS_MCO_TRO,HR,2022,335
BUS_MCO_TRO,HR,2022,351
BUS_MCO_TRO,HR,2022,277
BUS_MCO_TRO,HR,2022,198
BUS_MCO_TRO,HR,2022,207
BUS_MCO_TRO,HR,2022,249
BUS_MCO_TRO,HR,2022,268
BUS_MCO_TRO,HR,2022,301
BUS_MCO_TRO,IE,2022,299
BUS_MCO_TRO,IE,2022,375
BUS_MCO_TRO,IE,2022,313
BUS_MCO_TRO,IE,2022,329
BUS_MCO_TRO,IE,2022,361
BUS_MCO_TRO,IE,2022,386
BUS_MCO_TRO,IE,2022,392
BUS_MCO_TRO,IE,2022,271
BUS_MCO_TRO,IE,2022,260
BUS_MCO_TRO,IE,2022,329
BUS_MCO_TRO,IE,2022,419
BUS_MCO_TRO,IS,2022,18
BUS_MCO_TRO,IS,2022,148
BUS_MCO_TRO,IS,2022,20
BUS_MCO_TRO,IS,2022,22
BUS_MCO_TRO,LT,2022,247.9
BUS_MCO_TRO,LT,2022,254.6
BUS_MCO_TRO,LT,2022,235.3
BUS_MCO_TRO,LT,2022,243.5
BUS_MCO_TRO,LT,2022,249.7
BUS_MCO_TRO,LT,2022,246.7
BUS_MCO_TRO,LT,2022,250.3
BUS_MCO_TRO,LT,2022,183.6
BUS_MCO_TRO,LT,2022,168.9
BUS_MCO_TRO,LT,2022,211
BUS_MCO_TRO,LT,2022,241.67
BUS_MCO_TRO,LV,2022,221.4
BUS_MCO_TRO,LV,2022,231.3
BUS_MCO_TRO,LV,2022,228.4
BUS_MCO_TRO,LV,2022,220.5
BUS_MCO_TRO,LV,2022,231.6
BUS_MCO_TRO,LV,2022,225.4
BUS_MCO_TRO,LV,2022,215.6
BUS_MCO_TRO,LV,2022,177.1
BUS_MCO_TRO,LV,2022,159.7
BUS_MCO_TRO,LV,2022,169.9
BUS_MCO_TRO,LV,2022,176.1
BUS_MCO_TRO,LV,2022,175.1
BUS_MCO_TRO,MK,2022,49.147
BUS_MCO_TRO,MK,2022,72.649
BUS_MCO_TRO,MK,2022,105.897
BUS_MCO_TRO,MK,2022,85.666
BUS_MCO_TRO,MK,2022,91.567
BUS_MCO_TRO,MK,2022,114.751
BUS_MCO_TRO,MK,2022,123.745
BUS_MCO_TRO,MK,2022,47.922
BUS_MCO_TRO,MK,2022,50.176
BUS_MCO_TRO,MK,2022,51.236
BUS_MCO_TRO,MK,2022,55.757
BUS_MCO_TRO,MK,2022,53.423
BUS_MCO_TRO,MT,2022,50.9
BUS_MCO_TRO,MT,2022,58.9
BUS_MCO_TRO,MT,2022,26.97
BUS_MCO_TRO,MT,2022,46.8
BUS_MCO_TRO,MT,2022,41.48
BUS_MCO_TRO,MT,2022,42.44
BUS_MCO_TRO,MT,2022,45.95
BUS_MCO_TRO,MT,2022,40.3
BUS_MCO_TRO,MT,2022,33.92
BUS_MCO_TRO,MT,2022,72.895
BUS_MCO_TRO,MT,2022,80.274
BUS_MCO_TRO,MT,2022,78.732
BUS_MCO_TRO,NL,2022,699
BUS_MCO_TRO,NL,2022,673
BUS_MCO_TRO,NL,2022,672
BUS_MCO_TRO,NL,2022,657
BUS_MCO_TRO,NL,2022,696
BUS_MCO_TRO,NL,2022,674
BUS_MCO_TRO,NL,2022,661
BUS_MCO_TRO,NL,2022,508
BUS_MCO_TRO,NL,2022,497
BUS_MCO_TRO,NL,2022,540
BUS_MCO_TRO,NL,2022,545
BUS_MCO_TRO,NL,2022,574
BUS_MCO_TRO,NO,2022,583
BUS_MCO_TRO,NO,2022,572
BUS_MCO_TRO,NO,2022,564
BUS_MCO_TRO,NO,2022,568
BUS_MCO_TRO,NO,2022,577
BUS_MCO_TRO,NO,2022,580
BUS_MCO_TRO,NO,2022,583
BUS_MCO_TRO,NO,2022,551
BUS_MCO_TRO,NO,2022,501
BUS_MCO_TRO,NO,2022,536
BUS_MCO_TRO,NO,2022,564
BUS_MCO_TRO,NO,2022,577
BUS_MCO_TRO,PT,2022,405
BUS_MCO_TRO,PT,2022,389
BUS_MCO_TRO,PT,2022,419.49
BUS_MCO_TRO,PT,2022,450.56
BUS_MCO_TRO,PT,2022,455.46
BUS_MCO_TRO,PT,2022,482.28
BUS_MCO_TRO,SE,2022,963
BUS_MCO_TRO,SE,2022,958
BUS_MCO_TRO,SE,2022,974
BUS_MCO_TRO,SE,2022,981
BUS_MCO_TRO,SE,2022,995
BUS_MCO_TRO,SE,2022,999
BUS_MCO_TRO,SE,2022,992
BUS_MCO_TRO,SE,2022,908.913
BUS_MCO_TRO,SE,2022,887.069
BUS_MCO_TRO,SE,2022,928.87
BUS_MCO_TRO,SE,2022,949.078
BUS_MCO_TRO,SE,2022,955.945
BUS_MCO_TRO,SI,2022,139
BUS_MCO_TRO,SI,2022,137
BUS_MCO_TRO,SI,2022,141
BUS_MCO_TRO,SI,2022,139
BUS_MCO_TRO,SI,2022,141
BUS_MCO_TRO,SI,2022,76
BUS_MCO_TRO,SI,2022,100
BUS_MCO_TRO,SI,2022,121
BUS_MCO_TRO,SI,2022,132
BUS_MCO_TRO,SI,2022,139
BUS_MCO_TRO,TR,2022,19690.265
BUS_MCO_TRO,TR,2022,19603.216
BUS_MCO_TRO,TR,2022,20291.142
BUS_MCO_TRO,TR,2022,20955.197
BUS_MCO_TRO,TR,2022,19193.399
BUS_MCO_TRO,TR,2022,16871.246
BUS_MCO_TRO,TR,2022,18806.016
BUS_MCO_TRO,TR,2022,19544.387
BUS_MCO_TRO,TR,2022,20016.365
BUS_MCO_TRO,TR,2022,20196.731
BUS_MCO_TRO,UK,2022,4470
BUS_MCO_TRO,UK,2022,4469
BUS_MCO_TRO,UK,2022,4304
BUS_MCO_TRO,UK,2022,3822
BUS_MCO_TRO,UK,2022,2598
BUS_TRO,BE,2022,0
BUS_TRO,BE,2022,0
BUS_TRO,BE,2022,0
BUS_TRO,BE,2022,0
BUS_TRO,BG,2022,16.2
BUS_TRO,BG,2022,15.2
BUS_TRO,BG,2022,14.8
BUS_TRO,BG,2022,13.7
BUS_TRO,BG,2022,14.5
BUS_TRO,BG,2022,12.1
BUS_TRO,BG,2022,11.2
BUS_TRO,BG,2022,11.5
BUS_TRO,CZ,2022,0
BUS_TRO,EE,2022,2.2
BUS_TRO,HR,2022,
BUS_TRO,HR,2022,
BUS_TRO,HR,2022,
BUS_TRO,HR,2022,
BUS_TRO,HR,2022,
BUS_TRO,HR,2022,
BUS_TRO,HR,2022,
BUS_TRO,HR,2022,
BUS_TRO,HR,2022,
BUS_TRO,HR,2022,
BUS_TRO,HR,2022,
BUS_TRO,IE,2022,
BUS_TRO,LT,2022,19.8
BUS_TRO,LT,2022,19.4
BUS_TRO,LT,2022,19.7
BUS_TRO,LT,2022,19.7
BUS_TRO,LT,2022,19.8
BUS_TRO,LT,2022,19.4
BUS_TRO,LT,2022,19.7
BUS_TRO,LT,2022,18.1
BUS_TRO,LT,2022,15
BUS_TRO,LT,2022,16.9
BUS_TRO,LT,2022,17.4
BUS_TRO,LT,2022,17.395
BUS_TRO,LV,2022,12.1
BUS_TRO,LV,2022,11.2
BUS_TRO,LV,2022,10.5
BUS_TRO,LV,2022,10.5
BUS_TRO,LV,2022,10.4
BUS_TRO,LV,2022,10.1
BUS_TRO,LV,2022,9.9
BUS_TRO,LV,2022,10.1
BUS_TRO,LV,2022,9.3
BUS_TRO,LV,2022,8.7
BUS_TRO,LV,2022,10.1
BUS_TRO,LV,2022,10
BUS_TRO,MT,2022,
BUS_TRO,MT,2022,
BUS_TRO,MT,2022,0
BUS_TRO,MT,2022,0
BUS_TRO,MT,2022,0
BUS_TRO,MT,2022,0
BUS_TRO,MT,2022,
BUS_TRO,MT,2022,0
BUS_TRO,MT,2022,0
BUS_TRO,MT,2022,0
BUS_TRO,MT,2022,0
BUS_TRO,NO,2022,
BUS_TRO,SI,2022,0
BUS_TRO,SI,2022,0
BUS_TRO,SI,2022,0
BUS_TRO,SI,2022,0
BUS_TRO,SI,2022,0
BUS_TRO,SI,2022,0
BUS_TRO,SI,2022,0
BUS_TRO,SI,2022,0
BUS_TRO,SI,2022,0
BUS_TRO,SI,2022,0
BUS_TRO,TR,2022,0
BUS_TRO,TR,2022,0
BUS_TRO,TR,2022,0
BUS_TRO,TR,2022,0
BUS_TRO,TR,2022,0
BUS_TRO,TR,2022,0
BUS_TRO,TR,2022,0
BUS_TRO,TR,2022,0
BUS_TRO,TR,2022,0
BUS_TRO,TR,2022,0
CAR,BE,2022,83089
CAR,BE,2022,82928
CAR,BE,2022,84225
CAR,BE,2022,84306
CAR,BE,2022,84095
CAR,CZ,2022,67594.71
CAR,CZ,2022,67318.604
CAR,CZ,2022,70485.75
CAR,DE,2022,611037
CAR,DE,2022,611940
CAR,DE,2022,619099
CAR,DE,2022,625915
CAR,DE,2022,630837
CAR,DE,2022,630843
CAR,DE,2022,627950
CAR,DE,2022,622728
CAR,DE,2022,606795
CAR,DE,2022,594477
CAR,DE,2022,591132
CAR,DE,2022,594136
CAR,EE,2022,8211.9
CAR,EE,2022,8476
CAR,EE,2022,8670.2
CAR,EE,2022,8876.1
CAR,EE,2022,8924.1
CAR,EE,2022,9397.2
CAR,EE,2022,9263.3
CAR,EE,2022,9393.4
CAR,EE,2022,9705.4
CAR,EE,2022,6396
CAR,FI,2022,40718
CAR,FI,2022,40718
CAR,FI,2022,39092
CAR,FI,2022,38771
CAR,FI,2022,38385
CAR,FI,2022,38592
CAR,FI,2022,38619
CAR,FR,2022,460214.673
CAR,FR,2022,465472.353
CAR,FR,2022,472077.332
CAR,FR,2022,479454.804
CAR,FR,2022,477750.53
CAR,FR,2022,475501.481
CAR,FR,2022,478131.69
CAR,FR,2022,387719.68
CAR,FR,2022,427431.883
CAR,FR,2022,463797.791
CAR,FR,2022,457306.974
CAR,FR,2022,458271.797
CAR,HR,2022,18262
CAR,HR,2022,19444
CAR,HR,2022,20809
CAR,HR,2022,21473
CAR,HR,2022,22322
CAR,HR,2022,21463
CAR,HR,2022,20740
CAR,HR,2022,21875
CAR,HR,2022,23381
CAR,HR,2022,24598
CAR,HR,2022,25617
CAR,IE,2022,32904
CAR,IE,2022,32324
CAR,IE,2022,35874
CAR,IE,2022,37488
CAR,IE,2022,38039
CAR,IE,2022,36817
CAR,IE,2022,36300
CAR,IE,2022,26654
CAR,IE,2022,30677
CAR,IE,2022,35583
CAR,IE,2022,35820
CAR,IS,2022,1530
CAR,IS,2022,1566
CAR,IS,2022,1380
CAR,IS,2022,1599
CAR,LT,2022,17772.2
CAR,LT,2022,13071.7
CAR,LT,2022,13196.8
CAR,LT,2022,14049.2
CAR,LT,2022,16822.8
CAR,LT,2022,17487
CAR,LV,2022,8381.7
CAR,LV,2022,9018.4
CAR,LV,2022,9673.3
CAR,LV,2022,9925.1
CAR,LV,2022,10699.2
CAR,LV,2022,10897.6
CAR,LV,2022,11072
CAR,LV,2022,10553.5
CAR,LV,2022,9596.8
CAR,LV,2022,9067.2
CAR,LV,2022,9573.5
CAR,LV,2022,9699.1
CAR,MK,2022,3121.182
CAR,MK,2022,3343.041
CAR,MK,2022,3454.497
CAR,MK,2022,3554.406
CAR,MK,2022,3629.844
CAR,MK,2022,3735.558
CAR,MK,2022,3834.405
CAR,MK,2022,3862.764
CAR,MK,2022,4300.38
CAR,MK,2022,4351.338
CAR,MK,2022,4975.767
CAR,MK,2022,5221.89
CAR,MT,2022,1890.57
CAR,MT,2022,2646.78
CAR,MT,2022,2132.01
CAR,MT,2022,2681.68
CAR,MT,2022,2744.39
CAR,MT,2022,2622.31
CAR,MT,2022,2408.39
CAR,MT,2022,1878.6
CAR,MT,2022,2290.31
CAR,MT,2022,2321.01
CAR,MT,2022,2391.621
CAR,MT,2022,2349.356
CAR,NL,2022,113821
CAR,NL,2022,114511
CAR,NL,2022,115913
CAR,NL,2022,118725
CAR,NL,2022,120026
CAR,NL,2022,120339
CAR,NL,2022,121232
CAR,NL,2022,99651
CAR,NL,2022,105425
CAR,NL,2022,114617
CAR,NL,2022,119552
CAR,NL,2022,121957
CAR,NO,2022,33931
CAR,NO,2022,33841
CAR,NO,2022,34324
CAR,NO,2022,34848
CAR,NO,2022,35301
CAR,NO,2022,35989
CAR,NO,2022,35504
CAR,NO,2022,33873
CAR,NO,2022,35098
CAR,NO,2022,35310
CAR,NO,2022,35676
CAR,NO,2022,35443
CAR,SE,2022,62780
CAR,SE,2022,63813
CAR,SE,2022,65312
CAR,SE,2022,67176
CAR,SE,2022,68082
CAR,SE,2022,68664
CAR,SE,2022,67142
CAR,SE,2022,62823.778
CAR,SE,2022,63850.109
CAR,SE,2022,64851.448
CAR,SE,2022,65057.124
CAR,SE,2022,66146.705
CAR,SI,2022,16356
CAR,SI,2022,15990
CAR,SI,2022,16593
CAR,SI,2022,16976
CAR,SI,2022,17263
CAR,SI,2022,14202
CAR,SI,2022,15245
CAR,SI,2022,16606
CAR,SI,2022,17543
CAR,SI,2022,18029
CAR,TR,2022,135694.58
CAR,TR,2022,148294.699
CAR,TR,2022,160336.42
CAR,TR,2022,165751.546
CAR,TR,2022,162483.416
CAR,TR,2022,160231.579
CAR,TR,2022,172843.059
CAR,TR,2022,191777.763
CAR,TR,2022,199814.107
CAR,TR,2022,218061.539
CAR,UK,2022,385300
CAR,UK,2022,392471
CAR,UK,2022,397711
CAR,UK,2022,447077
CAR,UK,2022,336726
LOR,BE,2022,13031
LOR,BE,2022,13331
LOR,BE,2022,13662
LOR,BE,2022,14086
LOR,BE,2022,14469
LOR,BG,2022,795.8
LOR,BG,2022,861.5
LOR,BG,2022,769.6
LOR,BG,2022,569
LOR,BG,2022,598
LOR,BG,2022,497
LOR,BG,2022,398
LOR,BG,2022,452
LOR,CZ,2022,16938.493
LOR,CZ,2022,16458.537
LOR,CZ,2022,15973.74
LOR,DE,2022,55928
LOR,DE,2022,57496
LOR,DE,2022,59721
LOR,DE,2022,62320
LOR,DE,2022,64277
LOR,DE,2022,65936
LOR,DE,2022,72303
LOR,DE,2022,73210
LOR,DE,2022,74856
LOR,DE,2022,76159
LOR,DE,2022,76221
LOR,DE,2022,76372
LOR,EE,2022,1060.8
LOR,EE,2022,1281
LOR,EE,2022,1462.6
LOR,EE,2022,1643.3
LOR,EE,2022,1981.9
LOR,EE,2022,1993.7
LOR,EE,2022,1720.3
LOR,EE,2022,1885.6
LOR,EE,2022,1695.9
LOR,EE,2022,1649.8
LOR,FI,2022,9104
LOR,FI,2022,9068
LOR,FI,2022,8928
LOR,FI,2022,9073
LOR,FI,2022,8788
LOR,FI,2022,8604
LOR,FI,2022,8084
LOR,FR,2022,70911.535
LOR,FR,2022,71399.656
LOR,FR,2022,71899.369
LOR,FR,2023,73144.004
LOR,FR,2023,73710.248
LOR,FR,2023,75574.219
LOR,FR,2023,77059.019
LOR,FR,2023,70321.662
LOR,FR,2023,78048.973
LOR,FR,2023,78020.771
LOR,FR,2023,76384.714
LOR,FR,2023,76162.291
LOR,GE,2023,99929
LOR,GE,2023,101346
LOR,GE,2023,101951
LOR,GE,2023,104378
LOR,GE,2023,108728
LOR,GE,2023,111171
LOR,GE,2023,117986
LOR,HR,2023,5205
LOR,HR,2023,5308
LOR,HR,2023,5702
LOR,HR,2023,5845
LOR,HR,2023,6035
LOR,HR,2023,6421
LOR,IE,2023,6320
LOR,IE,2023,6999
LOR,IE,2023,7021
LOR,IE,2023,7410
LOR,IE,2023,7785
LOR,IE,2023,7891
LOR,IE,2023,8023
LOR,IE,2023,7283
LOR,IE,2023,8812
LOR,IE,2023,9356
LOR,IE,2023,8775
LOR,IS,2023,266
LOR,IS,2023,167
LOR,IS,2023,583
LOR,IS,2023,259
LOR,LT,2023,1000.5
LOR,LT,2023,1004.5
LOR,LT,2023,860
LOR,LT,2023,972.7
LOR,LT,2023,1049.4
LOR,LT,2023,1090.8
LOR,LT,2023,1193.3
LOR,LT,2023,1160.3
LOR,LT,2023,1164
LOR,LT,2023,965.7
LOR,LT,2023,436.8
LOR,LT,2023,375.6
LOR,LV,2023,2581.5
LOR,LV,2023,1698.3
LOR,LV,2023,1712.4
LOR,LV,2023,1701.8
LOR,LV,2023,1757.2
LOR,LV,2023,1772.9
LOR,LV,2023,1815.6
LOR,LV,2023,1899.7
LOR,LV,2023,1625.2
LOR,LV,2023,1583.4
LOR,LV,2023,1640.3
LOR,LV,2023,1662.1
LOR,MK,2023,625
LOR,MK,2023,855
LOR,MK,2023,860
LOR,MK,2023,904
LOR,MK,2023,902
LOR,MK,2023,959
LOR,MK,2023,835
LOR,MK,2023,837
LOR,MK,2023,895.964
LOR,MK,2023,1051.425
LOR,MK,2023,949.61
LOR,MK,2023,1050.525
LOR,MT,2023,426.51
LOR,MT,2023,499.56
LOR,MT,2023,373.38
LOR,MT,2023,567.95
LOR,MT,2023,562.84
LOR,MT,2023,533.71
LOR,MT,2023,490.45
LOR,MT,2023,440.3
LOR,MT,2023,479.48
LOR,MT,2023,470.862
LOR,MT,2023,478.95
LOR,MT,2023,466.58
LOR,NL,2023,19042
LOR,NL,2023,18945
LOR,NL,2023,19139
LOR,NL,2023,19732
LOR,NL,2023,20230
LOR,NL,2023,20411
LOR,NL,2023,20849
LOR,NL,2023,20215
LOR,NL,2023,21179
LOR,NL,2023,21247
LOR,NL,2023,21349
LOR,NL,2023,21405
LOR,NO,2023,9399
LOR,NO,2023,9325
LOR,NO,2023,9251
LOR,NO,2023,8566
LOR,NO,2023,8676
LOR,NO,2023,8750
LOR,NO,2023,8780
LOR,NO,2023,8532
LOR,NO,2023,8795
LOR,NO,2023,8835
LOR,NO,2023,8743
LOR,NO,2023,8859
LOR,SE,2023,12130
LOR,SE,2023,12320
LOR,SE,2023,12535
LOR,SE,2023,12894
LOR,SE,2023,13239
LOR,SE,2023,13607
LOR,SE,2023,13503
LOR,SE,2023,12827.112
LOR,SE,2023,13214.963
LOR,SE,2023,13267.469
LOR,SE,2023,13040.293
LOR,SE,2023,12991.91
LOR,SI,2023,3532
LOR,SI,2023,3660
LOR,SI,2023,3958
LOR,SI,2023,4261
LOR,SI,2023,4444
LOR,SI,2023,4250
LOR,SI,2023,4547
LOR,SI,2023,4542
LOR,SI,2023,4424
LOR,SI,2023,4408
LOR,TR,2023,68520.486
LOR,TR,2023,71776.231
LOR,TR,2023,75739.778
LOR,TR,2023,77211.869
LOR,TR,2023,74716.583
LOR,TR,2023,78017.608
LOR,TR,2023,82245.221
LOR,TR,2023,82295.747
LOR,TR,2023,84841.295
LOR,TR,2023,87702.093
LOR,UK,2023,79962
LOR,UK,2023,83954
LOR,UK,2023,87293
LOR,UK,2023,100997
LOR,UK,2023,91854
LOR_GT3P5-6,CZ,2023,1224.379
LOR_GT3P5-6,CZ,2023,1130.662
LOR_GT3P5-6,CZ,2023,122.49
LOR_GT3P5-6,FI,2023,523
LOR_GT3P5-6,FR,2023,65.611
LOR_GT3P5-6,FR,2023,65.757
LOR_GT3P5-6,FR,2023,66.154
LOR_GT3P5-6,FR,2023,62.546
LOR_GT3P5-6,FR,2023,64.865
LOR_GT3P5-6,FR,2023,62.358
LOR_GT3P5-6,FR,2023,58.797
LOR_GT3P5-6,FR,2023,51.405
LOR_GT3P5-6,FR,2023,57.147
LOR_GT3P5-6,FR,2023,55.883
LOR_GT3P5-6,FR,2023,54.703
LOR_GT3P5-6,FR,2023,54.456
LOR_GT3P5-6,LT,2023,37.7
LOR_GT3P5-6,LT,2023,17.5
LOR_GT3P5-6,LT,2023,23.5
LOR_GT3P5-6,LT,2023,28
LOR_GT3P5-6,LT,2023,23.8
LOR_GT3P5-6,LT,2023,15.5
LOR_GT3P5-6,LT,2023,20.1
LOR_GT3P5-6,LT,2023,37
LOR_GT3P5-6,LT,2023,23.5
LOR_GT3P5-6,LT,2023,39.2
LOR_GT3P5-6,LT,2023,0.4
LOR_GT3P5-6,LT,2023,1.9
LOR_GT3P5-6,LV,2023,104.9
LOR_GT3P5-6,LV,2023,90.8
LOR_GT3P5-6,LV,2023,82.9
LOR_GT3P5-6,LV,2023,22.3
LOR_GT3P5-6,LV,2023,25.1
LOR_GT3P5-6,LV,2023,23.4
LOR_GT3P5-6,LV,2023,21.4
LOR_GT3P5-6,LV,2023,25.2
LOR_GT3P5-6,LV,2023,15.7
LOR_GT3P5-6,LV,2023,13.3
LOR_GT3P5-6,LV,2023,12.8
LOR_GT3P5-6,LV,2023,12.3
LOR_GT3P5-6,MT,2023,63.94
LOR_GT3P5-6,MT,2023,66.44
LOR_GT3P5-6,MT,2023,41.04
LOR_GT3P5-6,MT,2023,71.55
LOR_GT3P5-6,MT,2023,65.72
LOR_GT3P5-6,MT,2023,61.37
LOR_GT3P5-6,MT,2023,59.51
LOR_GT3P5-6,MT,2023,57.3
LOR_GT3P5-6,MT,2023,60.1
LOR_GT3P5-6,MT,2023,61.005
LOR_GT3P5-6,MT,2023,63.793
LOR_GT3P5-6,MT,2023,60.409
LOR_GT3P5-6,NO,2023,209
LOR_GT3P5-6,NO,2023,176
LOR_GT3P5-6,NO,2023,153
LOR_GT3P5-6,NO,2023,111
LOR_GT3P5-6,NO,2023,90
LOR_GT3P5-6,NO,2023,73
LOR_GT3P5-6,NO,2023,65
LOR_GT3P5-6,NO,2023,56
LOR_GT3P5-6,NO,2023,54
LOR_GT3P5-6,NO,2023,52
LOR_GT3P5-6,NO,2023,55
LOR_GT3P5-6,NO,2023,63
LOR_GT3P5-6,PT,2023,21
LOR_GT3P5-6,PT,2023,16
LOR_GT3P5-6,PT,2023,14.85
LOR_GT3P5-6,PT,2023,8.7
LOR_GT3P5-6,PT,2023,7.97
LOR_GT3P5-6,PT,2023,16.41
LOR_GT3P5-6,PT,2023,17.08
LOR_GT3P5-6,PT,2023,15.48
LOR_GT3P5-6,PT,2023,12.54
LOR_GT3P5-6,PT,2023,8.2
LOR_GT3P5-6,PT,2023,6.77
LOR_GT3P5-6,PT,2023,9.09
LOR_GT3P5-6,SE,2023,78
LOR_GT3P5-6,SE,2023,76
LOR_GT3P5-6,SE,2023,75
LOR_GT3P5-6,SE,2023,71
LOR_GT3P5-6,SE,2023,65
LOR_GT3P5-6,SE,2023,64
LOR_GT3P5-6,SE,2023,62
LOR_GT3P5-6,SE,2023,61.477
LOR_GT3P5-6,SE,2023,61.869
LOR_GT3P5-6,SE,2023,62.53
LOR_GT3P5-6,SE,2023,62.86
LOR_GT3P5-6,SE,2023,65.624
LOR_GT3P5-6,TR,2023,500.317
LOR_GT3P5-6,TR,2023,526.26
LOR_GT3P5-6,TR,2023,523.441
LOR_GT3P5-6,TR,2023,452.228
LOR_GT3P5-6,TR,2023,398.214
LOR_GT3P5-6,TR,2023,506.005
LOR_GT3P5-6,TR,2023,506.07
LOR_GT3P5-6,TR,2023,487.119
LOR_GT3P5-6,TR,2023,462.386
LOR_GT3P5-6,TR,2023,406.414
LOR_GT6,BG,2023,795.8
LOR_GT6,BG,2023,861.5
LOR_GT6,BG,2023,769.6
LOR_GT6,BG,2023,569
LOR_GT6,BG,2023,598
LOR_GT6,BG,2023,497
LOR_GT6,BG,2023,398
LOR_GT6,BG,2023,452
LOR_GT6,CZ,2023,6067.218
LOR_GT6,CZ,2023,5945.217
LOR_GT6,CZ,2023,6898.77
LOR_GT6,FI,2023,1965
LOR_GT6,FR,2023,8666.793
LOR_GT6,FR,2023,8494.513
LOR_GT6,FR,2023,8368.167
LOR_GT6,FR,2023,8421.613
LOR_GT6,FR,2023,8402.929
LOR_GT6,FR,2023,8404.222
LOR_GT6,FR,2023,8450.567
LOR_GT6,FR,2023,7664.458
LOR_GT6,FR,2023,8214.882
LOR_GT6,FR,2023,8146.788
LOR_GT6,FR,2023,7883.373
LOR_GT6,FR,2023,7794.592
LOR_GT6,LT,2023,585.7
LOR_GT6,LT,2023,630.1
LOR_GT6,LT,2023,543.1
LOR_GT6,LT,2023,604.5
LOR_GT6,LT,2023,726.9
LOR_GT6,LT,2023,776.9
LOR_GT6,LT,2023,898.4
LOR_GT6,LT,2023,901.6
LOR_GT6,LT,2023,913.6
LOR_GT6,LT,2023,748
LOR_GT6,LT,2023,436.4
LOR_GT6,LT,2023,373.8
LOR_GT6,LV,2023,1424.4
LOR_GT6,LV,2023,445
LOR_GT6,LV,2023,410
LOR_GT6,LV,2023,431.9
LOR_GT6,LV,2023,451.4
LOR_GT6,LV,2023,466.1
LOR_GT6,LV,2023,456.8
LOR_GT6,LV,2023,485.5
LOR_GT6,LV,2023,414.1
LOR_GT6,LV,2023,383.7
LOR_GT6,LV,2023,375.9
LOR_GT6,LV,2023,377.6
LOR_GT6,MT,2023,52.45
LOR_GT6,MT,2023,57.51
LOR_GT6,MT,2023,24.8
LOR_GT6,MT,2023,68.73
LOR_GT6,MT,2023,65.36
LOR_GT6,MT,2023,62.38
LOR_GT6,MT,2023,57.43
LOR_GT6,MT,2023,53.7
LOR_GT6,MT,2023,53.7
LOR_GT6,MT,2023,50.62
LOR_GT6,MT,2023,53.677
LOR_GT6,MT,2023,51.151
LOR_GT6,NO,2023,2052
LOR_GT6,NO,2023,2072
LOR_GT6,NO,2023,2067
LOR_GT6,NO,2023,1415
LOR_GT6,NO,2023,1441
LOR_GT6,NO,2023,1443
LOR_GT6,NO,2023,1462
LOR_GT6,NO,2023,1415
LOR_GT6,NO,2023,1411
LOR_GT6,NO,2023,1436
LOR_GT6,NO,2023,1392
LOR_GT6,NO,2023,1392
LOR_GT6,PT,2023,770
LOR_GT6,PT,2023,713
LOR_GT6,PT,2023,745.98
LOR_GT6,PT,2023,630.5
LOR_GT6,PT,2023,595.23
LOR_GT6,PT,2023,553.44
LOR_GT6,PT,2023,542.56
LOR_GT6,PT,2023,460.55
LOR_GT6,PT,2023,541.36
LOR_GT6,PT,2023,481.29
LOR_GT6,PT,2023,460.71
LOR_GT6,PT,2023,423.26
LOR_GT6,SE,2023,3943
LOR_GT6,SE,2023,3941
LOR_GT6,SE,2023,3957
LOR_GT6,SE,2023,4016
LOR_GT6,SE,2023,4107
LOR_GT6,SE,2023,4147
LOR_GT6,SE,2023,4115
LOR_GT6,SE,2023,3337.804
LOR_GT6,SE,2023,3469.413
LOR_GT6,SE,2023,3531.758
LOR_GT6,SE,2023,3410.544
LOR_GT6,SE,2023,3349.058
LOR_GT6,TR,2023,15512.826
LOR_GT6,TR,2023,15421.029
LOR_GT6,TR,2023,15396.952
LOR_GT6,TR,2023,14789.587
LOR_GT6,TR,2023,13954.118
LOR_GT6,TR,2023,15233.918
LOR_GT6,TR,2023,15174.132
LOR_GT6,TR,2023,14505.955
LOR_GT6,TR,2023,14666.765
LOR_GT6,TR,2023,13952.76
LOR_LE3P5,BE,2023,10753
LOR_LE3P5,BE,2023,11109
LOR_LE3P5,BE,2023,11456
LOR_LE3P5,BE,2023,11976
LOR_LE3P5,BE,2023,12407
LOR_LE3P5,CZ,2023,9646.896
LOR_LE3P5,CZ,2023,9382.658
LOR_LE3P5,CZ,2023,8952.48
LOR_LE3P5,DE,2023,38675
LOR_LE3P5,DE,2023,40981
LOR_LE3P5,DE,2023,43189
LOR_LE3P5,DE,2023,45341
LOR_LE3P5,DE,2023,47484
LOR_LE3P5,DE,2023,49549
LOR_LE3P5,DE,2023,51937
LOR_LE3P5,DE,2023,53495
LOR_LE3P5,DE,2023,55371
LOR_LE3P5,DE,2023,56991
LOR_LE3P5,DE,2023,57520
LOR_LE3P5,DE,2023,58374
LOR_LE3P5,FI,2023,5693
LOR_LE3P5,FI,2023,5726
LOR_LE3P5,FI,2023,5667
LOR_LE3P5,FI,2023,5777
LOR_LE3P5,FI,2023,5598
LOR_LE3P5,FI,2023,5611
LOR_LE3P5,FI,2023,5596
LOR_LE3P5,FR,2023,62179.131
LOR_LE3P5,FR,2023,62839.386
LOR_LE3P5,FR,2023,63465.049
LOR_LE3P5,FR,2023,64659.845
LOR_LE3P5,FR,2023,65242.454
LOR_LE3P5,FR,2023,67107.639
LOR_LE3P5,FR,2023,68549.655
LOR_LE3P5,FR,2023,62605.799
LOR_LE3P5,FR,2023,69776.944
LOR_LE3P5,FR,2023,69818.1
LOR_LE3P5,FR,2023,68446.638
LOR_LE3P5,FR,2023,68313.243
LOR_LE3P5,HR,2023,3207
LOR_LE3P5,HR,2023,3240
LOR_LE3P5,HR,2023,3488
LOR_LE3P5,HR,2023,3575
LOR_LE3P5,HR,2023,3592
LOR_LE3P5,HR,2023,3880
LOR_LE3P5,IS,2023,185
LOR_LE3P5,IS,2023,157
LOR_LE3P5,IS,2023,153
LOR_LE3P5,IS,2023,189
LOR_LE3P5,LT,2023,377.1
LOR_LE3P5,LT,2023,356.9
LOR_LE3P5,LT,2023,293.5
LOR_LE3P5,LT,2023,340.2
LOR_LE3P5,LT,2023,298.7
LOR_LE3P5,LT,2023,298.4
LOR_LE3P5,LT,2023,274.8
LOR_LE3P5,LT,2023,221.7
LOR_LE3P5,LT,2023,226.9
LOR_LE3P5,LT,2023,178.5
LOR_LE3P5,LT,2023,436.8
LOR_LE3P5,LT,2023,375.6
LOR_LE3P5,LV,2023,1052.2
LOR_LE3P5,LV,2023,1162.5
LOR_LE3P5,LV,2023,1219.5
LOR_LE3P5,LV,2023,1247.6
LOR_LE3P5,LV,2023,1280.7
LOR_LE3P5,LV,2023,1283.4
LOR_LE3P5,LV,2023,1337.4
LOR_LE3P5,LV,2023,1389
LOR_LE3P5,LV,2023,1195.4
LOR_LE3P5,LV,2023,1186.4
LOR_LE3P5,LV,2023,1251.6
LOR_LE3P5,LV,2023,1272.2
LOR_LE3P5,MT,2023,310.11
LOR_LE3P5,MT,2023,374.4
LOR_LE3P5,MT,2023,307.54
LOR_LE3P5,MT,2023,427.67
LOR_LE3P5,MT,2023,431.76
LOR_LE3P5,MT,2023,409.97
LOR_LE3P5,MT,2023,373.52
LOR_LE3P5,MT,2023,329.3
LOR_LE3P5,MT,2023,365.68
LOR_LE3P5,MT,2023,359.237
LOR_LE3P5,MT,2023,361.481
LOR_LE3P5,MT,2023,355.02
LOR_LE3P5,NL,2023,16309
LOR_LE3P5,NL,2023,16296
LOR_LE3P5,NL,2023,16544
LOR_LE3P5,NL,2023,17144
LOR_LE3P5,NL,2023,17668
LOR_LE3P5,NL,2023,17961
LOR_LE3P5,NL,2023,18439
LOR_LE3P5,NL,2023,17905
LOR_LE3P5,NL,2023,18832
LOR_LE3P5,NL,2023,18941
LOR_LE3P5,NL,2023,19102
LOR_LE3P5,NL,2023,19171
LOR_LE3P5,NO,2023,7139
LOR_LE3P5,NO,2023,7077
LOR_LE3P5,NO,2023,7031
LOR_LE3P5,NO,2023,7040
LOR_LE3P5,NO,2023,7145
LOR_LE3P5,NO,2023,7234
LOR_LE3P5,NO,2023,7253
LOR_LE3P5,NO,2023,7061
LOR_LE3P5,NO,2023,7330
LOR_LE3P5,NO,2023,7347
LOR_LE3P5,NO,2023,7296
LOR_LE3P5,NO,2023,7404
LOR_LE3P5,SE,2023,8109
LOR_LE3P5,SE,2023,8303
LOR_LE3P5,SE,2023,8503
LOR_LE3P5,SE,2023,8807
LOR_LE3P5,SE,2023,9067
LOR_LE3P5,SE,2023,9396
LOR_LE3P5,SE,2023,9327
LOR_LE3P5,SE,2023,9427.832
LOR_LE3P5,SE,2023,9683.681
LOR_LE3P5,SE,2023,9673.182
LOR_LE3P5,SE,2023,9566.888
LOR_LE3P5,SE,2023,9577.228
LOR_LE3P5,SI,2023,1654
LOR_LE3P5,SI,2023,1635
LOR_LE3P5,SI,2023,1755
LOR_LE3P5,SI,2023,1866
LOR_LE3P5,SI,2023,1940
LOR_LE3P5,SI,2023,1813
LOR_LE3P5,SI,2023,1978
LOR_LE3P5,SI,2023,2047
LOR_LE3P5,SI,2023,2057
LOR_LE3P5,SI,2023,2096
LOR_LE3P5,TR,2023,52507.343
LOR_LE3P5,TR,2023,55828.942
LOR_LE3P5,TR,2023,59819.384
LOR_LE3P5,TR,2023,61970.055
LOR_LE3P5,TR,2023,60364.251
LOR_LE3P5,TR,2023,62277.685
LOR_LE3P5,TR,2023,66565.019
LOR_LE3P5,TR,2023,67302.673
LOR_LE3P5,TR,2023,69712.144
LOR_LE3P5,TR,2023,73342.919
LOR_LE3P5,UK,2023,68303
LOR_LE3P5,UK,2023,72087
LOR_LE3P5,UK,2023,75141
LOR_LE3P5,UK,2023,88932
LOR_LE3P5,UK,2023,80827
MCO,BE,2023,132
MCO,BE,2023,141
MCO,BE,2023,120
MCO,BE,2023,111
MCO,CZ,2023,14.71
MCO,CZ,2023,11.134
MCO,CZ,2023,7.12
MCO,FR,2023,2040.161
MCO,FR,2023,2041.991
MCO,FR,2023,2051.457
MCO,FR,2023,2104.936
MCO,FR,2023,2062.446
MCO,FR,2023,2064.247
MCO,FR,2023,2058.212
MCO,FR,2023,1383.14
MCO,FR,2023,1660.775
MCO,FR,2023,1914.748
MCO,FR,2023,1957.515
MCO,FR,2023,1987.118
MCO,MK,2023,66.448
MCO,MK,2023,39.765
MCO,MK,2023,42.35
MCO,MK,2023,69.085
MCO,MK,2023,79.719
MCO,MK,2023,21.239
MCO,MK,2023,23.615
MCO,MK,2023,24.977
MCO,MK,2023,26.597
MCO,MK,2023,24.899
MCO,MT,2023,8.36
MCO,MT,2023,10.92
MCO,MT,2023,4.83
MCO,MT,2023,11.39
MCO,MT,2023,9.06
MCO,MT,2023,10.04
MCO,MT,2023,10.48
MCO,MT,2023,7.3
MCO,MT,2023,4.66
MCO,MT,2023,40.043
MCO,MT,2023,43.856
MCO,MT,2023,42.332
MCO,NL,2023,195
MCO,NL,2023,188
MCO,NL,2023,191
MCO,NL,2023,192
MCO,NL,2023,200
MCO,NL,2023,203
MCO,NL,2023,195
MCO,NL,2023,73
MCO,NL,2023,72
MCO,NL,2023,142
MCO,NL,2023,169
MCO,NO,2023,88
MCO,NO,2023,96
MCO,NO,2023,101
MCO,NO,2023,102
MCO,NO,2023,103
MCO,NO,2023,101
MCO,NO,2023,102
MCO,NO,2023,85
MCO,NO,2023,62
MCO,NO,2023,82
MCO,NO,2023,94
MCO,NO,2023,103
MCO,SE,2023,142.848
MOTO_MOP,CZ,2023,2220.314
MOTO_MOP,CZ,2023,1990.227
MOTO_MOP,CZ,2023,3061.68
MOTO_MOP,DE,2023,9412
MOTO_MOP,DE,2023,9495
MOTO_MOP,DE,2023,9612
MOTO_MOP,DE,2023,9658
MOTO_MOP,DE,2023,9741
MOTO_MOP,DE,2023,9741
MOTO_MOP,DE,2023,9762
MOTO_MOP,DE,2023,9807
MOTO_MOP,DE,2023,10071
MOTO_MOP,DE,2023,10068
MOTO_MOP,DE,2023,10154
MOTO_MOP,DE,2023,10100
MOTO_MOP,EE,2023,37.9
MOTO_MOP,EE,2024,44
MOTO_MOP,EE,2024,48.1
MOTO_MOP,EE,2024,54.1
MOTO_MOP,EE,2024,56
MOTO_MOP,EE,2024,46.6
MOTO_MOP,EE,2024,51.4
MOTO_MOP,EE,2024,57.8
MOTO_MOP,EE,2024,55
MOTO_MOP,EE,2024,51.5
MOTO_MOP,FI,2024,1161
MOTO_MOP,FI,2024,1161
MOTO_MOP,FI,2024,1161
MOTO_MOP,FI,2024,1161
MOTO_MOP,FI,2024,1160
MOTO_MOP,FI,2024,1160
MOTO_MOP,FR,2024,11210
MOTO_MOP,FR,2024,11273.265
MOTO_MOP,FR,2024,11340.238
MOTO_MOP,FR,2024,11340.238
MOTO_MOP,FR,2024,9582.501
MOTO_MOP,FR,2024,9822.063
MOTO_MOP,FR,2024,11069.466
MOTO_MOP,FR,2024,10737.382
MOTO_MOP,FR,2024,11749.662
MOTO_MOP,HR,2024,173
MOTO_MOP,HR,2024,184
MOTO_MOP,HR,2024,201
MOTO_MOP,HR,2024,217
MOTO_MOP,HR,2024,241
MOTO_MOP,HR,2024,375
MOTO_MOP,HR,2024,360
MOTO_MOP,HR,2024,369
MOTO_MOP,HR,2024,393
MOTO_MOP,HR,2024,441
MOTO_MOP,HR,2024,507
MOTO_MOP,IE,2024,103
MOTO_MOP,IE,2024,103
MOTO_MOP,IE,2024,102
MOTO_MOP,IE,2024,104
MOTO_MOP,IE,2024,108
MOTO_MOP,IE,2024,109
MOTO_MOP,IE,2024,114
MOTO_MOP,IE,2024,101
MOTO_MOP,IE,2024,111
MOTO_MOP,IE,2024,114
MOTO_MOP,IE,2024,127
MOTO_MOP,LT,2024,277.5
MOTO_MOP,LT,2024,113.1
MOTO_MOP,LT,2024,143.2
MOTO_MOP,LT,2024,158
MOTO_MOP,LT,2024,204.8
MOTO_MOP,LT,2024,214.8
MOTO_MOP,LV,2024,55.1
MOTO_MOP,LV,2024,51.8
MOTO_MOP,LV,2024,50
MOTO_MOP,LV,2024,50.4
MOTO_MOP,LV,2024,53.4
MOTO_MOP,LV,2024,107.2
MOTO_MOP,LV,2024,57.5
MOTO_MOP,LV,2024,66.5
MOTO_MOP,LV,2024,63.9
MOTO_MOP,LV,2024,93.4
MOTO_MOP,LV,2024,86.5
MOTO_MOP,LV,2024,96.4
MOTO_MOP,MT,2024,3.79
MOTO_MOP,MT,2024,
MOTO_MOP,MT,2024,87.99
MOTO_MOP,MT,2024,92.33
MOTO_MOP,MT,2024,93.41
MOTO_MOP,MT,2024,90.11
MOTO_MOP,MT,2024,119.65
MOTO_MOP,NL,2024,2541
MOTO_MOP,NL,2024,2489
MOTO_MOP,NL,2024,2445
MOTO_MOP,NL,2024,2456
MOTO_MOP,NL,2024,2475
MOTO_MOP,NL,2024,2541
MOTO_MOP,NL,2024,2541
MOTO_MOP,NL,2024,2541
MOTO_MOP,NL,2024,2541
MOTO_MOP,NL,2024,2541
MOTO_MOP,NO,2024,804
MOTO_MOP,NO,2024,831
MOTO_MOP,NO,2024,888
MOTO_MOP,NO,2024,908
MOTO_MOP,NO,2024,942
MOTO_MOP,NO,2024,964
MOTO_MOP,NO,2024,983
MOTO_MOP,NO,2024,983
MOTO_MOP,NO,2024,1341
MOTO_MOP,NO,2024,1299
MOTO_MOP,SE,2024,686
MOTO_MOP,SE,2024,658
MOTO_MOP,SE,2024,693
MOTO_MOP,SE,2024,711
MOTO_MOP,SE,2024,668
MOTO_MOP,SE,2024,646
MOTO_MOP,SE,2024,656
MOTO_MOP,SE,2024,700.154
MOTO_MOP,SE,2024,653.162
MOTO_MOP,SE,2024,659.215
MOTO_MOP,SE,2024,632.444
MOTO_MOP,SE,2024,655.965
MOTO_MOP,SI,2024,177
MOTO_MOP,SI,2024,162
MOTO_MOP,SI,2024,166
MOTO_MOP,SI,2024,167
MOTO_MOP,SI,2024,172
MOTO_MOP,SI,2024,162
MOTO_MOP,SI,2024,206
MOTO_MOP,SI,2024,200
MOTO_MOP,SI,2024,224
MOTO_MOP,SI,2024,244
MOTO_MOP,TR,2024,11345.609
MOTO_MOP,TR,2024,11579.367
MOTO_MOP,TR,2024,11524.609
MOTO_MOP,TR,2024,11985.65
MOTO_MOP,TR,2024,12768.072
MOTO_MOP,TR,2024,12879.787
MOTO_MOP,TR,2024,15955.475
MOTO_MOP,TR,2024,17062.049
MOTO_MOP,TR,2024,20852.639
MOTO_MOP,TR,2024,33348.181
RDMVEH_OTH,CZ,2024,141.902
RDMVEH_OTH,CZ,2024,114.53
RDMVEH_OTH,CZ,2024,137.15
RDMVEH_OTH,DE,2024,4982
RDMVEH_OTH,DE,2024,4836
RDMVEH_OTH,DE,2024,4620
RDMVEH_OTH,DE,2024,4406
RDMVEH_OTH,DE,2024,4185
RDMVEH_OTH,DE,2024,3988
RDMVEH_OTH,DE,2024,5103
RDMVEH_OTH,DE,2024,5290
RDMVEH_OTH,DE,2024,5435
RDMVEH_OTH,DE,2024,5700
RDMVEH_OTH,DE,2024,5788
RDMVEH_OTH,DE,2024,5767
RDMVEH_OTH,FR,2024,21092.3
RDMVEH_OTH,FR,2024,21055.844
RDMVEH_OTH,FR,2024,21121.61
RDMVEH_OTH,FR,2024,21378.614
RDMVEH_OTH,FR,2024,21303.517
RDMVEH_OTH,FR,2024,21525.137
RDMVEH_OTH,FR,2024,21640.304
RDMVEH_OTH,FR,2024,17700.821
RDMVEH_OTH,FR,2024,19447.16
RDMVEH_OTH,FR,2024,19747.056
RDMVEH_OTH,FR,2024,18961.047
RDMVEH_OTH,FR,2024,18367.53
RDMVEH_OTH,HR,2024,3769
RDMVEH_OTH,HR,2024,4204
RDMVEH_OTH,HR,2024,4709
RDMVEH_OTH,HR,2024,4949
RDMVEH_OTH,HR,2024,5323
RDMVEH_OTH,HR,2024,59
RDMVEH_OTH,HR,2024,58
RDMVEH_OTH,HR,2024,50
RDMVEH_OTH,HR,2024,43
RDMVEH_OTH,HR,2024,54
RDMVEH_OTH,HR,2024,60
RDMVEH_OTH,IE,2024,787
RDMVEH_OTH,IE,2024,536
RDMVEH_OTH,IE,2024,881
RDMVEH_OTH,IE,2024,867
RDMVEH_OTH,IE,2024,886
RDMVEH_OTH,IE,2024,857
RDMVEH_OTH,IE,2024,841
RDMVEH_OTH,IE,2024,639
RDMVEH_OTH,IE,2024,765
RDMVEH_OTH,IE,2024,913
RDMVEH_OTH,IE,2024,888
RDMVEH_OTH,MT,2024,26.04
RDMVEH_OTH,MT,2024,40.19
RDMVEH_OTH,MT,2024,44.54
RDMVEH_OTH,MT,2024,69.18
RDMVEH_OTH,MT,2024,73.57
RDMVEH_OTH,MT,2024,69.88
RDMVEH_OTH,MT,2024,40.11
RDMVEH_OTH,MT,2024,34.6
RDMVEH_OTH,MT,2024,1.99
RDMVEH_OTH,MT,2024,33.516
RDMVEH_OTH,MT,2024,38.239
RDMVEH_OTH,MT,2024,36.772
RDMVEH_OTH,NL,2024,722
RDMVEH_OTH,NL,2024,695
RDMVEH_OTH,NL,2024,685
RDMVEH_OTH,NL,2024,700
RDMVEH_OTH,NL,2024,692
RDMVEH_OTH,NL,2024,668
RDMVEH_OTH,NL,2024,640
RDMVEH_OTH,NL,2024,578
RDMVEH_OTH,NL,2024,597
RDMVEH_OTH,NL,2024,623
RDMVEH_OTH,NL,2024,623
RDMVEH_OTH,NL,2024,617
RDMVEH_OTH,NO,2024,
RDMVEH_OTH,TR,2024,832.899
RDMVEH_OTH,TR,2024,883.881
RDMVEH_OTH,TR,2024,1060.595
RDMVEH_OTH,TR,2024,1190.26
RDMVEH_OTH,TR,2024,1222.065
RDMVEH_OTH,TR,2024,1391.482
RDMVEH_OTH,TR,2024,1433.977
RDMVEH_OTH,TR,2024,1602.877
RDMVEH_OTH,TR,2024,1772.565
RDMVEH_OTH,TR,2024,1819.952
TOTAL,CZ,2024,88010.836
TOTAL,CZ,2024,86904.253
TOTAL,CZ,2024,90691.34
TOTAL,DE,2024,705012
TOTAL,DE,2024,707803
TOTAL,DE,2024,717473
TOTAL,DE,2024,727186
TOTAL,DE,2024,734269
TOTAL,DE,2024,735964
TOTAL,DE,2024,741407
TOTAL,DE,2024,736338
TOTAL,DE,2024,722681
TOTAL,DE,2024,712513
TOTAL,DE,2024,709107
TOTAL,DE,2024,711564
TOTAL,EE,2024,9471.6
TOTAL,EE,2024,9975.8
TOTAL,EE,2024,10387.3
TOTAL,EE,2024,10811.3
TOTAL,EE,2024,11197.1
TOTAL,EE,2024,11659.1
TOTAL,EE,2024,11251.3
TOTAL,EE,2024,11568.2
TOTAL,EE,2024,11696.1
TOTAL,EE,2024,11978.9
TOTAL,FR,2024,571196.285
TOTAL,FR,2024,576797.385
TOTAL,FR,2024,584084.835
TOTAL,FR,2024,593363.583
TOTAL,FR,2024,603523.03
TOTAL,FR,2024,592546.938
TOTAL,FR,2024,608498.984
TOTAL,FR,2024,503871.528
TOTAL,FR,2024,555088.068
TOTAL,FR,2024,593360.109
TOTAL,FR,2024,583838.488
TOTAL,FR,2024,584967.427
TOTAL,HR,2024,22480
TOTAL,HR,2024,24136
TOTAL,HR,2024,26047
TOTAL,HR,2024,26974
TOTAL,HR,2024,28237
TOTAL,HR,2024,27378
TOTAL,HR,2024,26663
TOTAL,HR,2024,28202
TOTAL,HR,2024,29912
TOTAL,HR,2024,31395
TOTAL,HR,2024,32905
TOTAL,IE,2024,41757
TOTAL,IE,2024,42447
TOTAL,IE,2024,45790
TOTAL,IE,2024,47775
TOTAL,IE,2024,48754
TOTAL,IE,2024,47545
TOTAL,IE,2024,47072
TOTAL,IE,2024,36237
TOTAL,IE,2024,41878
TOTAL,IE,2024,47604
TOTAL,IE,2024,47296
TOTAL,IS,2024,1820
TOTAL,IS,2024,1891
TOTAL,IS,2024,1969
TOTAL,IS,2024,1882
TOTAL,LV,2024,11239.7
TOTAL,LV,2024,11991.2
TOTAL,LV,2024,12735.3
TOTAL,LV,2024,13044.7
TOTAL,LV,2024,13992.1
TOTAL,LV,2024,14293.8
TOTAL,LV,2024,14419
TOTAL,LV,2024,13930.8
TOTAL,LV,2024,12625.9
TOTAL,LV,2024,12052.1
TOTAL,LV,2024,12622.9
TOTAL,LV,2024,12794
TOTAL,MK,2024,3795.329
TOTAL,MK,2024,4270.69
TOTAL,MK,2024,4420.394
TOTAL,MK,2024,4544.072
TOTAL,MK,2024,4623.411
TOTAL,MK,2024,4809.309
TOTAL,MK,2024,4793.15
TOTAL,MK,2024,4747.686
TOTAL,MK,2024,5246.52
TOTAL,MK,2024,5453.999
TOTAL,MK,2024,5981.134
TOTAL,MK,2024,6325.838
TOTAL,MT,2024,2438.5
TOTAL,MT,2024,
TOTAL,MT,2024,2680.82
TOTAL,MT,2024,3495.06
TOTAL,MT,2024,3539.2
TOTAL,MT,2024,3380.08
TOTAL,MT,2024,3169.24
TOTAL,MT,2024,2438.5
TOTAL,MT,2024,2853.99
TOTAL,MT,2024,2918.72
TOTAL,MT,2024,3009.237
TOTAL,MT,2024,2949.201
TOTAL,NL,2024,145712
TOTAL,NL,2024,146234
TOTAL,NL,2024,147857
TOTAL,NL,2024,151490
TOTAL,NL,2024,153537
TOTAL,NL,2024,148873
TOTAL,NL,2024,150108
TOTAL,NL,2024,131389
TOTAL,NL,2024,138232
TOTAL,NL,2024,147776
TOTAL,NL,2024,152645
TOTAL,NL,2024,154911
TOTAL,NO,2024,44717
TOTAL,NO,2024,44569
TOTAL,NO,2024,44372
TOTAL,NO,2024,44890
TOTAL,NO,2024,45572
TOTAL,NO,2024,46283
TOTAL,NO,2024,45850
TOTAL,NO,2024,43939
TOTAL,NO,2024,45377
TOTAL,NO,2024,45629
TOTAL,NO,2024,47041
TOTAL,NO,2024,46899
TOTAL,SE,2024,77297
TOTAL,SE,2024,78465
TOTAL,SE,2024,80246
TOTAL,SE,2024,82499
TOTAL,SE,2024,83734
TOTAL,SE,2024,84670
TOTAL,SE,2024,83037
TOTAL,SE,2024,77979.214
TOTAL,SE,2024,79368.101
TOTAL,SE,2024,80495.717
TOTAL,SE,2024,80460.306
TOTAL,SE,2024,81511.628
TOTAL,SI,2024,20255
TOTAL,SI,2024,19989
TOTAL,SI,2024,20907
TOTAL,SI,2024,21594
TOTAL,SI,2024,22072
TOTAL,SI,2024,18725
TOTAL,SI,2024,20097
TOTAL,SI,2024,21469
TOTAL,SI,2024,22324
TOTAL,SI,2024,22819
TOTAL,TR,2024,250910.686
TOTAL,TR,2024,268063.861
TOTAL,TR,2024,285758.979
TOTAL,TR,2024,293788.068
TOTAL,TR,2024,286735.663
TOTAL,TR,2024,287099.828
TOTAL,TR,2024,310357.634
TOTAL,TR,2024,331835.214
TOTAL,TR,2024,348115.023
TOTAL,TR,2024,382869.84
TOTAL,UK,2024,486902
TOTAL,UK,2024,498464
TOTAL,UK,2024,507223
TOTAL,UK,2024,571689
TOTAL,UK,2024,449627
TRC,BE,2024,3230
TRC,BE,2024,3286
TRC,BE,2024,3339
TRC,BE,2024,2955
TRC,BE,2024,3080
TRC,BG,2024,1520.1
TRC,BG,2024,1796.3
TRC,BG,2024,2061.6
TRC,BG,2024,1889
TRC,BG,2024,2158.8
TRC,BG,2024,2159.5
TRC,BG,2024,2056.7
TRC,BG,2024,1887.4
TRC,CZ,2024,248.421
TRC,CZ,2024,109.855
TRC,CZ,2024,103.27
TRC,DE,2024,19524
TRC,DE,2024,19795
TRC,DE,2024,20043
TRC,DE,2024,20371
TRC,DE,2024,20752
TRC,DE,2024,20970
TRC,DE,2024,21861
TRC,DE,2024,21227
TRC,DE,2024,21526
TRC,DE,2024,21932
TRC,DE,2024,21520
TRC,DE,2024,20832
TRC,FI,2024,534
TRC,FI,2024,514
TRC,FI,2024,517
TRC,FI,2024,531
TRC,FI,2024,493
TRC,FI,2024,453
TRC,FR,2024,16081.576
TRC,FR,2024,15945.872
TRC,FR,2024,16012.434
TRC,FR,2024,16348.411
TRC,FR,2024,16531.574
TRC,FR,2024,16934.405
TRC,FR,2024,17274.628
TRC,FR,2024,16253.276
TRC,FR,2024,17612.492
TRC,FR,2024,17731.741
TRC,FR,2024,17405.387
TRC,FR,2024,17311.393
TRC,IE,2024,1344
TRC,IE,2024,1647
TRC,IE,2024,1598
TRC,IE,2024,1577
TRC,IE,2024,1575
TRC,IE,2024,1485
TRC,IE,2024,1402
TRC,IE,2024,1289
TRC,IE,2024,1253
TRC,IE,2024,1309
TRC,IE,2024,1269
TRC,LT,2024,1466.2
TRC,LT,2024,1564.9
TRC,LT,2024,1497.4
TRC,LT,2024,1785.8
TRC,LT,2024,2168.6
TRC,LT,2024,2422
TRC,LT,2024,2950.5
TRC,LT,2024,3171.8
TRC,LT,2024,3213.2
TRC,LT,2024,3060.3
TRC,LT,2024,3823.3
TRC,LT,2024,4017
TRC,LV,2024,991.4
TRC,LV,2024,1071.2
TRC,LV,2024,1146.9
TRC,LV,2024,1250.7
TRC,LV,2024,1290.7
TRC,LV,2024,1258.3
TRC,LV,2024,1234
TRC,LV,2024,1180.3
TRC,LV,2024,1138.2
TRC,LV,2024,1146.6
TRC,LV,2024,1161.3
TRC,MT,2024,40.69
TRC,MT,2024,54.5
TRC,MT,2024,15.93
TRC,MT,2024,37.12
TRC,MT,2024,23.51
TRC,MT,2024,21.63
TRC,MT,2024,25.73
TRC,MT,2024,20.7
TRC,MT,2024,22.78
TRC,MT,2024,20.433
TRC,MT,2024,20.153
TRC,MT,2024,17.757
TRC,NL,2024,6566
TRC,NL,2024,6559
TRC,NL,2024,6618
TRC,NL,2024,6775
TRC,NL,2024,6881
TRC,NL,2024,6781
TRC,NL,2024,6727
TRC,NL,2024,6615
TRC,NL,2024,6872
TRC,NL,2024,6914
TRC,NL,2024,6750
TRC,NL,2024,6645
TRC,NO,2024,594
TRC,NO,2024,617
TRC,NO,2024,634
TRC,NO,2024,642
TRC,NO,2024,653
TRC,NO,2024,681
TRC,NO,2024,694
TRC,NO,2024,668
TRC,NO,2024,703
TRC,NO,2024,717
TRC,NO,2024,717
TRC,NO,2024,721
TRC,PT,2024,2304
TRC,PT,2024,2106
TRC,PT,2024,2102.27
TRC,PT,2024,2273.81
TRC,PT,2024,2141.66
TRC,PT,2024,2113.05
TRC,PT,2024,2047.56
TRC,PT,2024,1572.81
TRC,PT,2024,2000.59
TRC,PT,2024,2018.72
TRC,PT,2024,1763.48
TRC,PT,2024,1546.71
TRC,SE,2024,738
TRC,SE,2024,717
TRC,SE,2024,733
TRC,SE,2024,738
TRC,SE,2024,754
TRC,SE,2024,759
TRC,SE,2024,744
TRC,SE,2024,719.257
TRC,SE,2024,762.798
TRC,SE,2024,788.716
TRC,SE,2024,781.367
TRC,SE,2024,761.104
TRC,TR,2024,14826.848
TRC,TR,2024,15926.468
TRC,TR,2024,16806.435
TRC,TR,2024,16693.546
TRC,TR,2024,16352.128
TRC,TR,2024,17708.125
TRC,TR,2024,19073.886
TRC,TR,2024,19552.391
TRC,TR,2024,20818.052
TRC,TR,2024,21741.344
TRC,UK,2024,12841
TRC,UK,2024,13112
TRC,UK,2024,13558
TRC,UK,2024,15008
TRC,UK,2024,14500
